﻿hashtag,fashion_items,colors,patterns,styles,hashtags,trend_summary
kfashion,"오버사이즈 블레이저, 플레어 팬츠, 테크니컬 재킷, 미니멀리스트 백, 스트리트 스니커즈","파스텔 핑크, 올리브 그린, 네온 옐로우","체크 패턴, 스트라이프 프린트","스트리트 웨어, 미니멀리즘, 스포츠 럭셔리","#streetwear, #kstyle, #aesthetic, #fashiontrends, #ootd","2025년 #kfashion은 오버사이즈 실루엣과 미니멀리즘을 중심으로 한 스트리트 웨어 트렌드가 강세를 보이고 있으며, 밝고 선명한 색상과 다양한 패턴이 조화를 이루며 젊은 세대의 스타일을 반영하고 있습니다."
ootd,"오버사이즈 재킷, 의류 믹스매치, 로퍼, 트렌치코트, 부스트 스니커즈","올리브 그린, 라벤더, 스카이 블루","체크무늬, 스트라이프","캐주얼 룩, 봄철 레이어링, 럭셔리 스트리트웨어","#fashionblogger, #streetstyle, #instafashion, #fashioninspo, #trending","2025년 현재 #ootd 해시태그에서 나타나는 트렌드는 편안함과 실용성을 중시한 캐주얼룩이며, 오버사이즈 및 레이어링 아이템이 인기를 끌고 있습니다. 올리브 그린과 라벤더와 같은 자연에서 영감을 받은 색상들이 두드러지며, 체크와 스트라이프 패턴이 자주 사용됩니다. 로퍼와 같은 편안한 신발과 믹스매치 스타일이 잘 어우러지고 있습니다."
koreanfashion,"오버사이즈 블레이저, 스트리트웨어 후드티, 플레어 진, 미니멀리즘 드레스, 체크 패턴 스커트","파스텔 핑크, 밝은 세이지 그린, 모던 그레이","체크, 스트라이프","편안한 캐주얼, 미니멀리즘, 스트리트 스타일","#kfashion, #streetstyle, #minimalism, #ootd, #seoulfashion","2025년의 한국 패션 트렌드는 오버사이즈 실루엣과 편안한 스타일의 조합이 돋보이며, 파스텔 톤의 색상과 체크 패턴이 인기를 끌고 있습니다. 스트리트웨어와 미니멀리즘이 결합된 경향이 뚜렷하며, 인스타그램에서는 청춘층의 평범하면서도 개성 있는 스타일링이 많이 보여지고 있습니다."
fashionstyle,"오버사이즈 블레이저, 플레어 팬츠, 크롭탑, 스니커즈, 미디 스커트","파스텔 핑크, 올리브 그린, 클래식 블루","지브라 프린트, 체크 패턴","유니크 스트리트웨어, 세미 캐주얼, 미니멀리즘","#ootd, #streetstyle, #fashiontrends, #styleinspo, #instafashion","2025년의 패션 트렌드는 오버사이즈 실루엣과 편안한 스타일이 조화를 이루는 모습입니다. 파스텔과 자연적인 색상 조합이 인기를 끌고 있으며, 지브라와 체크 같은 대담한 패턴이 패션 아이템에 다양성을 더합니다. 스트리트웨어와 미니멀리즘이 여전히 중심 트렌드로 자리하고 있습니다."
패션스타그램,"오버사이즈 재킷, 스티치 디테일 청바지, 앙고라 니트 스웨터, 플리츠 스커트, 슬라이드 샌들","어두운 보라색, 모래색, 진한 청록색","체크 패턴, 플로럴 프린트","캐주얼 Chic, 모던 빈티지, 스포티 엘리건스","#여름패션, #OOTD, #스트리트패션, #패션블로그, #트렌드세터","2025년 '#패션스타그램'에서는 지속 가능한 패션과 편안함을 강조하는 캐주얼 Chic 스타일이 눈에 띕니다. 오버사이즈 실루엣과 고급스러운 소재의 믹스가 강조되고 있으며, 자연에서 영감을 받은 색상과 패턴이 주요 트렌드로 자리잡고 있습니다."
데일리룩,"오버사이즈 블레이저, 플레어 데님 팬츠, 로고 티셔츠, 스트랩 샌들, 크로스바디 백","뉴트럴 베이지, 파스텔 핑크, 클래식 블루","스트라이프, 체크","스마트 캐주얼, 미니멀리즘, 스트리트 패션","#패션스타그램, #OOTD, #코디, #여름패션, #데일리코디","2025년 #데일리룩은 오버사이즈 블레이저와 플레어 데님 팬츠 등을 포함한 편안한 룩에 중점을 두고 있습니다. 뉴트럴한 색감과 함께 파스텔 톤이 인기를 끌고 있으며, 스트라이프와 체크 패턴이 돋보이고 있습니다. 전체적으로 스마트 캐주얼과 미니멀리즘을 접목한 스타일이 유행하고 있으며, 다양한 연출이 가능한 아이템들이 많이 사용되고 있습니다."
fashiontrends2025,"오버사이즈 재킷, 플리츠 스커트, 스니커즈 부츠, 바지형 원피스, 크로셰 토트백","파스텔 핑크, 네온 그린, 미드나잇 블루","체크 패턴, 아티스틱 그래픽 프린트","미니멀리즘, 스트리트웨어, 복고풍","#sustainablefashion, #streetstyle, #vintagevibes, #casualchic, #colorblocking","2025년 패션 트렌드는 미니멀리즘과 복고풍이 결합된 스타일로, 오버사이즈 아이템과 혁신적인 실용성이 강조되고 있습니다. 색상으로는 파스텔과 네온이 조화를 이루며, 체크와 그래픽 패턴이 대세입니다."
