{
    "스타일링": 374,
    "스타일리시": 115,
    "다이아몬드": 111,
    "액세서리": 109,
    "레이어드": 91,
    "네크리스": 84,
    "스웨이드": 64,
    "선글라스": 50,
    "스트라이프": 50,
    "스니커즈": 47,
    "블레이저": 45,
    "켄달 제너": 38,
    "브레이슬릿": 34,
    "블라우스": 33,
    "헤일리 비버": 32,
    "두아 리파": 30,
    "카리스마": 30,
    "디자이너": 29,
    "마찬가지": 28,
    "인플루언서": 28,
    "더 보이즈": 25,
    "발레리나": 25,
    "보헤미안": 25,
    "지드래곤": 25,
    "레오퍼드": 24,
    "부르주아": 24,
    "빅토리아": 23,
    "스트레이트": 23,
    "아티스트": 23,
    "트레이닝": 23,
    "아이코닉한": 22,
    "글래머러스": 21,
    "밀리터리": 21,
    "카일리 제너": 21,
    "레오파드": 20,
    "타임리스": 20,
    "브레이슬릿은": 19,
    "아이보리": 18,
    "애슬레저": 18,
    "페스티벌": 18,
    "보테가 베네타": 17,
    "아이디어": 17,
    "바라클라바": 16,
    "슬리브리스": 16,
    "캐시미어": 16,
    "파파라치": 16,
    "스트리트": 15,
    "실리카겔": 15,
    "넷플릭스": 14,
    "미우 미우": 14,
    "에메랄드": 14,
    "패셔너블": 14,
    "레이어링": 13,
    "페이턴트": 13,
    "프로그램": 13,
    "프로젝트": 13,
    "가브리엘 샤넬": 12,
    "발렌시아가": 12,
    "사파이어": 12,
    "안젤리나": 12,
    "카이아 거버": 12,
    "퍼포먼스": 12,
    "군더더기": 11,
    "디스트로이드": 11,
    "메이크업": 11,
    "비즈니스": 11,
    "시그니처": 11,
    "애티튜드": 11,
    "엘르 패닝": 11,
    "인스타그램": 11,
    "레드카펫": 10,
    "루이비통": 10,
    "메리 제인": 10,
    "몽클레르": 10,
    "발렌티노": 10,
    "브레이슬릿과": 10,
    "엘레강스": 10,
    "오프숄더": 10,
    "크리스털": 10,
    "포인티드": 10,
    "나오미 왓츠": 9,
    "디케이터": 9,
    "롱스커트": 9,
    "보헤미언": 9,
    "브레스트": 9,
    "올리비아": 9,
    "크리에이티브": 9,
    "패셔니스타": 9,
    "단발머리": 8,
    "마르세유": 8,
    "마스터피스": 8,
    "마이크로": 8,
    "밸런타인데이": 8,
    "사브리나 카펜터": 8,
    "수키 워터하우스": 8,
    "스웻셔츠": 8,
    "스카이 블루": 8,
    "스톤헨지": 8,
    "스틸레토": 8,
    "아디다스": 8,
    "아이코닉": 8,
    "야노 시호": 8,
    "언밸런스": 8,
    "자유분방": 8,
    "제니퍼 로페즈": 8,
    "진주 목걸이": 8,
    "카우보이": 8,
    "킴 카다시안": 8,
    "타이틀곡": 8,
    "까르띠에": 7,
    "니콜라 펠츠": 7,
    "다코타 존슨": 7,
    "모래시계": 7,
    "무궁무진": 7,
    "미니스커트": 7,
    "베르사체": 7,
    "복슬복슬한": 7,
    "블랙 스완": 7,
    "스튜디오": 7,
    "스포트라이트": 7,
    "아름다움": 7,
    "아카데미": 7,
    "앵클부츠": 7,
    "제니퍼 로렌스": 7,
    "트렌치코트": 7,
    "프로듀서": 7,
    "프로모션": 7,
    "홀리데이": 7,
    "레퍼토리": 6,
    "모노그램": 6,
    "무브먼트": 6,
    "발렌타인": 6,
    "사브리나": 6,
    "스트레스": 6,
    "아리아나 그란데": 6,
    "지니어스": 6,
    "찰떡궁합": 6,
    "카멜리아": 6,
    "칼리 클로스": 6,
    "켈리 러더포드": 6,
    "트랜스젠더": 6,
    "파워리저브": 6,
    "페이크퍼": 6,
    "펩타이드": 6,
    "나오미 캠벨": 5,
    "뉴스보이": 5,
    "돈키호테": 5,
    "돌체앤가바나": 5,
    "드라마틱": 5,
    "로드리고": 5,
    "마크 제이콥스": 5,
    "미니멀리즘의": 5,
    "바부슈카": 5,
    "보디슈트": 5,
    "브릴리언트": 5,
    "비하인드": 5,
    "사라 제시카 파커": 5,
    "세르펜티": 5,
    "스파이스": 5,
    "아그레뜨": 5,
    "아웃도어": 5,
    "아일랜드": 5,
    "알렉산더 맥퀸": 5,
    "애슐리 올슨": 5,
    "애콜라이트": 5,
    "에르메스": 5,
    "엘리베이터": 5,
    "엘사 호스크": 5,
    "이탈리아": 5,
    "줄리아 폭스": 5,
    "카모플라주": 5,
    "카밀라 카베요": 5,
    "코듀로이": 5,
    "텔레비전": 5,
    "트로이 시반": 5,
    "티모시 샬라메": 5,
    "페라가모": 5,
    "헤어스타일": 5,
    "화룡점정": 5,
    "그레이시 에이브럼스": 4,
    "레스토랑": 4,
    "레지던스": 4,
    "리프레시": 4,
    "매너리즘": 4,
    "뮤직비디오": 4,
    "바람막이": 4,
    "보스코노": 4,
    "부끄러움": 4,
    "슈퍼모델": 4,
    "슐럼버제": 4,
    "스타일리스트": 4,
    "시그너처": 4,
    "아멜리아": 4,
    "아방가르드": 4,
    "앰버서더": 4,
    "업그레이드": 4,
    "에밀리 라타이코프스키": 4,
    "에포리스": 4,
    "에피소드": 4,
    "엔터테인먼트": 4,
    "오드리 햅번": 4,
    "오랫동안": 4,
    "오버사이즈": 4,
    "웨어러블": 4,
    "이어링과": 4,
    "자리매김": 4,
    "지그재그": 4,
    "커스터마이": 4,
    "컬래버레이션": 4,
    "컴플리트": 4,
    "트리밍이": 4,
    "포토그래퍼": 4,
    "플래티넘": 4,
    "할리우드": 4,
    "헐리우드": 4,
    "헬로키티": 4,
    "형형색색": 4,
    "가르니에": 3,
    "까멜리아": 3,
    "남한산성": 3,
    "다이애나": 3,
    "다큐멘터리": 3,
    "드리스 반 노튼": 3,
    "라이브러리": 3,
    "로드 투 킹덤": 3,
    "로로 피아나": 3,
    "로스엔젤레스": 3,
    "리타 오라": 3,
    "릴리 콜린스": 3,
    "마르게리타": 3,
    "머메이드": 3,
    "머스큘린": 3,
    "무라카미 다카시": 3,
    "믹스테이프": 3,
    "보디수트": 3,
    "브라톱과": 3,
    "브이로그": 3,
    "비토리아 세레티": 3,
    "세리머니": 3,
    "셀러브리티": 3,
    "솔리테어": 3,
    "슈퍼 맘": 3,
    "스네이크": 3,
    "스키아파렐리": 3,
    "스트라빈스키": 3,
    "슬라우치": 3,
    "슬레이트": 3,
    "시아로니": 3,
    "시어머니": 3,
    "아우터웨어": 3,
    "아이러니": 3,
    "아카이브": 3,
    "아틀리에": 3,
    "아포스텔": 3,
    "아플리케": 3,
    "애슐리 윌리엄스": 3,
    "앤 해서웨이": 3,
    "에너제틱": 3,
    "에단 호크": 3,
    "엠브로이더리": 3,
    "여리여리": 3,
    "여주인공": 3,
    "오로라 공주": 3,
    "오리지널": 3,
    "유머러스": 3,
    "인트레치아토": 3,
    "일맥상통": 3,
    "자유자재": 3,
    "저스틴 비버": 3,
    "적재적소": 3,
    "전매특허": 3,
    "전무후무": 3,
    "제이든 스미스": 3,
    "젠데이아": 3,
    "조르지오 아르마니": 3,
    "천차만별": 3,
    "총천연색": 3,
    "칼럼 터너": 3,
    "컨템퍼러리": 3,
    "케이스티파이": 3,
    "콘서트장": 3,
    "크리스챤 디올": 3,
    "클로이 카다시안": 3,
    "테디베어": 3,
    "테일러 스위프트": 3,
    "트레이드": 3,
    "트롱프뢰유": 3,
    "트리옹프": 3,
    "파트너십": 3,
    "패리스 힐튼": 3,
    "페기 구": 3,
    "필라테스": 3,
    "하나하나": 3,
    "하운드투스": 3,
    "할아버지": 3,
    "핫 핑크": 3,
    "해서웨이": 3,
    "헤비메탈": 3,
    "각양각색": 2,
    "갱스부르": 2,
    "그라데이션": 2,
    "그러데이션": 2,
    "글라소머": 2,
    "나팔바지": 2,
    "니키 힐튼": 2,
    "다미아니": 2,
    "데미 무어": 2,
    "데이비드": 2,
    "드라큘라": 2,
    "드레이프": 2,
    "드레이핑": 2,
    "등장인물": 2,
    "랄프 로렌": 2,
    "러브노트": 2,
    "러치포드": 2,
    "레이어드해": 2,
    "로맨스가 필요해 2012": 2,
    "로우라이즈": 2,
    "로지 헌팅턴 휘틀리": 2,
    "리드미컬": 2,
    "리플렉션": 2,
    "마리나 아브라모비치": 2,
    "마이 러브": 2,
    "마이애미": 2,
    "마이크로소프트": 2,
    "매니지먼트": 2,
    "메리케이트": 2,
    "메탈릭한": 2,
    "명실상부": 2,
    "모니터링": 2,
    "미니멀리즘": 2,
    "미니멀리즘이": 2,
    "미디스커트": 2,
    "바카렐로": 2,
    "백조의 호수": 2,
    "버지니 비아르": 2,
    "베로니카": 2,
    "부산국제영화제": 2,
    "뷔스티에": 2,
    "브레이슬릿을": 2,
    "브레이커": 2,
    "브루클린": 2,
    "비비안 웨스트우드": 2,
    "새티스파이": 2,
    "서바이벌": 2,
    "서울재즈페스티벌": 2,
    "셀레나 고메즈": 2,
    "수납공간": 2,
    "슈퍼스타": 2,
    "스와로브스키": 2,
    "스웨트셔츠": 2,
    "스위트 홈": 2,
    "스키니진과": 2,
    "스킴스의": 2,
    "스타워즈": 2,
    "스타일러": 2,
    "스트리밍": 2,
    "스파클링": 2,
    "스펙트럼": 2,
    "스포티한": 2,
    "스프레이": 2,
    "시나리오": 2,
    "시미헤이즈": 2,
    "실리카겔은": 2,
    "아메리카나": 2,
    "아메리칸": 2,
    "아바바브": 2,
    "아우터와": 2,
    "아이덴티티": 2,
    "안성맞춤": 2,
    "앤 드뮐미스터": 2,
    "언스토퍼블": 2,
    "에버 앤더슨": 2,
    "에스코트": 2,
    "에슬레저": 2,
    "에이셉 라키": 2,
    "엔하이픈": 2,
    "엘리자베스 올슨": 2,
    "역삼각형": 2,
    "연말연시": 2,
    "오렌지색": 2,
    "옥스퍼드": 2,
    "올리비아 로드리고": 2,
    "올림픽공원": 2,
    "워크웨어": 2,
    "원더랜드": 2,
    "윌로우 스미스": 2,
    "이것저것": 2,
    "이노베이티브": 2,
    "이어커프": 2,
    "장바구니": 2,
    "제이콥앤코의": 2,
    "조지 발란신": 2,
    "지미 팰런": 2,
    "체커보드": 2,
    "초등학교": 2,
    "카멀라 해리스": 2,
    "카무플라주": 2,
    "커뮤니티": 2,
    "컨트리 음악": 2,
    "콜로라도주": 2,
    "콰이어트": 2,
    "크라비츠": 2,
    "크로포드": 2,
    "크리스마스": 2,
    "크리스찬 루부탱": 2,
    "크리에이터": 2,
    "클라우드": 2,
    "타임캡슐": 2,
    "터콰이즈": 2,
    "투 머치": 2,
    "트라우저": 2,
    "파라이바": 2,
    "패치워크": 2,
    "페라그니": 2,
    "퓨처리스틱": 2,
    "프라이드": 2,
    "프란체스코": 2,
    "프레피룩": 2,
    "프로페셔널": 2,
    "프린세스": 2,
    "피냐텔리": 2,
    "피에르 발망": 2,
    "해바라기": 2,
    "헤리티지": 2,
    "헬레나 크리스텐센": 2,
    "호피무늬": 2,
    "가방덥수": 1,
    "가브리엘": 1,
    "가브리엘 포레": 1,
    "가위바위보": 1,
    "가지각색": 1,
    "거버너스": 1,
    "걸리시룩": 1,
    "게임 오버": 1,
    "겨드랑이": 1,
    "겨울왕국": 1,
    "고군분투": 1,
    "고등학교": 1,
    "고등학생": 1,
    "공기놀이": 1,
    "과유불급": 1,
    "그대 안의 블루": 1,
    "그라데이": 1,
    "그랑프리": 1,
    "그레타 리": 1,
    "그리니쉬": 1,
    "그좁스키": 1,
    "근린공원": 1,
    "글래머러스함": 1,
    "글래머러스함에": 1,
    "글래머스": 1,
    "글레디에이터": 1,
    "글루르지제": 1,
    "금상첨화": 1,
    "기상천외": 1,
    "기정사실": 1,
    "길모어 걸스": 1,
    "김건재드러머": 1,
    "김조광수": 1,
    "김한주실리카겔일": 1,
    "꼼데가르송에서": 1,
    "꽃샘추위": 1,
    "나뭇가지": 1,
    "나스티야": 1,
    "나이지리아": 1,
    "나인: 아홉 번의 시간여행": 1,
    "나탈리아 보디아노바": 1,
    "내러티브": 1,
    "네크라인": 1,
    "네크리스에": 1,
    "네크리스와": 1,
    "네트워크": 1,
    "뉴트럴톤": 1,
    "니삭스가": 1,
    "니삭스나": 1,
    "니삭스를": 1,
    "니콜 키드만": 1,
    "니트웨어": 1,
    "다다익선": 1,
    "다리우스": 1,
    "다만 악에서 구하소서": 1,
    "다사다난": 1,
    "다이나믹": 1,
    "다이아몬드 화이트": 1,
    "다재다능": 1,
    "대동단결": 1,
    "대상그룹": 1,
    "더 글로리": 1,
    "더 크루": 1,
    "더 투나잇 쇼": 1,
    "더로우의": 1,
    "데넌트와": 1,
    "데번 윈저": 1,
    "데이비드 보위": 1,
    "데이식스": 1,
    "데카당스": 1,
    "데코레이션을": 1,
    "도라에몽": 1,
    "도플갱어": 1,
    "돌체가바나": 1,
    "돌체앤가바나의": 1,
    "동백꽃 필 무렵": 1,
    "두 번의 결혼식과 한 번의 장례식": 1,
    "뒷주머니": 1,
    "드레시한": 1,
    "드레이퍼": 1,
    "드브로워": 1,
    "디 아이돌": 1,
    "디미트루": 1,
    "디스코그래피": 1,
    "디아길레프": 1,
    "디아길레프의": 1,
    "디자이너인애쉴리": 1,
    "디제잉을": 1,
    "딱지치기": 1,
    "라스베가스": 1,
    "러더포드": 1,
    "러버보이": 1,
    "러버솔이": 1,
    "러블리한": 1,
    "레디투웨어": 1,
    "레오나르도": 1,
    "레오나르도 디카프리오": 1,
    "레오타드": 1,
    "레오퍼드와": 1,
    "레조낭스": 1,
    "레즈비언": 1,
    "레퍼런스": 1,
    "레퍼런스를": 1,
    "로라 해리어": 1,
    "로맨티시즘": 1,
    "롭 카다시안": 1,
    "롱부츠에": 1,
    "롱슬리브": 1,
    "롱슬리브를": 1,
    "루니 마라": 1,
    "르세라핌": 1,
    "리버시블": 1,
    "리사여서": 1,
    "리스펙트": 1,
    "리얼리티": 1,
    "리얼웨이": 1,
    "리치의에포리스": 1,
    "립글로스": 1,
    "마르그리트": 1,
    "마르디히말": 1,
    "마이너스": 1,
    "마이해피하츠": 1,
    "마인드맵": 1,
    "막내아들": 1,
    "매그니피센트": 1,
    "매니시룩": 1,
    "매니시함": 1,
    "맥시멀하": 1,
    "맥카트니": 1,
    "머리카락": 1,
    "멋드러지": 1,
    "멋드러진": 1,
    "메달리스트": 1,
    "멜트미러": 1,
    "모노크롬": 1,
    "모래주머니": 1,
    "모터사이클": 1,
    "몬스타엑스": 1,
    "몽골리안": 1,
    "뫼비우스": 1,
    "무당벌레": 1,
    "무라가미": 1,
    "무라카미": 1,
    "무스가드": 1,
    "물리학자": 1,
    "뮤자게트": 1,
    "미니멀리즘과": 1,
    "미니멀리즘은": 1,
    "미드나잇": 1,
    "미드나잇 인 파리": 1,
    "미란다 커": 1,
    "미우치아": 1,
    "미즈라히": 1,
    "밀레피드": 1,
    "밀리터리도": 1,
    "바누엘로스": 1,
    "바리아시옹": 1,
    "바뷰슈카": 1,
    "바쉐론 콘스탄틴": 1,
    "바츨라프 니진스키": 1,
    "바텐딩을": 1,
    "반나영스테인": 1,
    "발그스레": 1,
    "발라클라바": 1,
    "발렌타인데이": 1,
    "발렌티노 가라바니": 1,
    "방돔 광장": 1,
    "배드민턴": 1,
    "백설공주": 1,
    "밸런타인": 1,
    "뱀파이어": 1,
    "뱀파이어 아카데미": 1,
    "뱀피무늬": 1,
    "뱃걸리리": 1,
    "버뮤다쇼츠": 1,
    "버터플라이": 1,
    "번거로움": 1,
    "베니 블랑코": 1,
    "베르베르": 1,
    "베이비돌": 1,
    "벨라 손": 1,
    "변화무쌍": 1,
    "보부상러": 1,
    "보헤미언과": 1,
    "부쉐론의": 1,
    "부트림의": 1,
    "북아프리카": 1,
    "불한당: 나쁜 놈들의 세상": 1,
    "뷰티풀 크리처스": 1,
    "브라이언": 1,
    "브래들리 쿠퍼": 1,
    "브레스티드": 1,
    "브레이드": 1,
    "브레이슬": 1,
    "브로니슬라바 니진스카": 1,
    "브릿 로어": 1,
    "블라지가": 1,
    "블랙 미디": 1,
    "블록버스터": 1,
    "블루 다이아몬드": 1,
    "블루머즈": 1,
    "블링블링": 1,
    "비디오테이프": 1,
    "비스포크": 1,
    "비앙카가": 1,
    "비즈니스맨": 1,
    "빌리 아일리시": 1,
    "뽀글이와": 1,
    "사고방식": 1,
    "사랑의 불시착": 1,
    "사우스햄튼": 1,
    "사진 속 그녀": 1,
    "사카구치": 1,
    "사카모토 류이치": 1,
    "살바도르": 1,
    "살바토레": 1,
    "상속자들": 1,
    "새들러스": 1,
    "새해맞이": 1,
    "샛노랑으": 1,
    "샹들리에": 1,
    "성냥개비": 1,
    "성냥팔이": 1,
    "세두토리": 1,
    "세레나 고메즈": 1,
    "세레머니": 1,
    "세르게이": 1,
    "세이브 더 라스트 댄스": 1,
    "세일러문": 1,
    "세트리스트": 1,
    "섹스 앤 더 시티": 1,
    "센세이셔널": 1,
    "센세이션": 1,
    "셀러브리티와": 1,
    "셀린느의": 1,
    "셀마 블레어": 1,
    "소강상태": 1,
    "소시오패스": 1,
    "소용돌이": 1,
    "소피스티케이션의": 1,
    "소피아 리치": 1,
    "손목시계": 1,
    "솔드 아웃": 1,
    "쇼미더머니": 1,
    "쇼트커트": 1,
    "수양대군": 1,
    "수트보다": 1,
    "수트에도": 1,
    "순간순간": 1,
    "숨바꼭질": 1,
    "슈슈통의": 1,
    "슈퍼마켓": 1,
    "스웨셔츠": 1,
    "스웻셔츠나": 1,
    "스웻셔츠와도": 1,
    "스웻팬츠": 1,
    "스위프트": 1,
    "스케이트": 1,
    "스케이트보드": 1,
    "스켈레톤": 1,
    "스코틀랜드": 1,
    "스크런치": 1,
    "스크리닝": 1,
    "스키니진": 1,
    "스키니진에": 1,
    "스킨케어": 1,
    "스킴스도": 1,
    "스타일리쉬": 1,
    "스테디셀러": 1,
    "스테레오": 1,
    "스테이트먼트": 1,
    "스텔라 매카트니": 1,
    "스텔리토": 1,
    "스톤 아일랜드": 1,
    "스톤워시": 1,
    "스톨러와": 1,
    "스튜어트": 1,
    "스트라스": 1,
    "스트랩으": 1,
    "스트랩은": 1,
    "스트랩이": 1,
    "스트레이 키즈": 1,
    "스트레치": 1,
    "스트릿한": 1,
    "스펙터클": 1,
    "슬랙스나": 1,
    "슬리브와": 1,
    "시기적절": 1,
    "시미헤이즈의": 1,
    "시아르가오": 1,
    "시에나 밀러": 1,
    "시장바구니": 1,
    "시크함과": 1,
    "시크해보": 1,
    "시트린과": 1,
    "신드레브": 1,
    "실리카겔이": 1,
    "심사숙고": 1,
    "싱글 인 서울": 1,
    "싱어송라이터": 1,
    "쓰리, 몬스터": 1,
    "아날로그": 1,
    "아다놀라": 1,
    "아담 샌들러": 1,
    "아데노라": 1,
    "아드리아나 리마": 1,
    "아르데코": 1,
    "아르마니": 1,
    "아마란스": 1,
    "아멜리에": 1,
    "아미노산": 1,
    "아방가르": 1,
    "아우터웨어에": 1,
    "아이브의": 1,
    "아이스라테": 1,
    "아이슬란드": 1,
    "아인슈타인": 1,
    "아제딘 알라이아": 1,
    "아코디언": 1,
    "아코이아": 1,
    "아크네 스튜디오": 1,
    "아크리스": 1,
    "아틀라스": 1,
    "안나수이와": 1,
    "안녕하세요": 1,
    "안테프리마": 1,
    "안티에이징": 1,
    "알라이아": 1,
    "알레산드라": 1,
    "알레산드로": 1,
    "알레산드로 미켈레": 1,
    "알렉사 청": 1,
    "알렉산드라": 1,
    "앙리 로랑스": 1,
    "애니메이션": 1,
    "애머시스트": 1,
    "애트튜드": 1,
    "애틀란타": 1,
    "애티듀드": 1,
    "앰배서더": 1,
    "앰브로시오": 1,
    "앰비언트": 1,
    "앰피시어트": 1,
    "앰피시어트로프": 1,
    "어른아이": 1,
    "어린아이": 1,
    "어처구니": 1,
    "얼룩무늬": 1,
    "엄동설한": 1,
    "에드 웨스트윅": 1,
    "에디 슬리먼": 1,
    "에밀리, 파리에 가다": 1,
    "에이전시": 1,
    "에이전트": 1,
    "에이티즈": 1,
    "에코백이": 1,
    "엔지니어": 1,
    "엔지니어링": 1,
    "엘라스틴": 1,
    "여기저기": 1,
    "오너먼트": 1,
    "오데마 피게": 1,
    "오페라단": 1,
    "오프듀티": 1,
    "오피니언": 1,
    "올드 스쿨": 1,
    "올리브 그레이": 1,
    "올림피아": 1,
    "완전무결": 1,
    "외인구단": 1,
    "요조숙녀": 1,
    "우두머리": 1,
    "우리나라": 1,
    "욱여넣기": 1,
    "워커홀릭": 1,
    "웨딩드레스": 1,
    "웨이스트": 1,
    "웨이스트로": 1,
    "윅스테드": 1,
    "유니섹스": 1,
    "유유자적": 1,
    "유일무이": 1,
    "유틸리티": 1,
    "은하철도 999": 1,
    "이그조틱": 1,
    "이너웨어": 1,
    "이너웨어로": 1,
    "이리나 샤크": 1,
    "이목구비": 1,
    "이번 생도 잘 부탁해": 1,
    "이브 생 로랑": 1,
    "이스라엘": 1,
    "이어머프를": 1,
    "이지 리스닝": 1,
    "이퀘스트리언": 1,
    "이터넬레": 1,
    "익스클루시브": 1,
    "인공위성": 1,
    "인그레이빙": 1,
    "인사이더": 1,
    "인스톨레이션": 1,
    "인터내셔널": 1,
    "인티미시미": 1,
    "인플루어너": 1,
    "일거수일투족": 1,
    "일러스트": 1,
    "일렉트로 스윙": 1,
    "일석이조": 1,
    "자기만족": 1,
    "잠금장치": 1,
    "잭슨 폴록": 1,
    "저승사자": 1,
    "전성시대": 1,
    "제너레이션": 1,
    "제시카 알바": 1,
    "제이미 힌스": 1,
    "제이콥앤": 1,
    "조거팬츠": 1,
    "조니 뎁": 1,
    "조디 포스터": 1,
    "조르지아": 1,
    "중간중간": 1,
    "지미 추": 1,
    "지미 키멜": 1,
    "직사각형": 1,
    "진두지휘": 1,
    "진주 귀걸이": 1,
    "찌부짜부": 1,
    "차이니즈 조디악": 1,
    "차이콥스키": 1,
    "챔피언십": 1,
    "척 배스": 1,
    "천샤오가": 1,
    "철두철미": 1,
    "체크무늬": 1,
    "초등학생": 1,
    "최웅희실리카겔": 1,
    "카라 델레바인": 1,
    "카보숑을": 1,
    "카카오톡": 1,
    "카프스킨": 1,
    "칼 라거펠트": 1,
    "캘리포니아": 1,
    "캡사이신": 1,
    "커스터마": 1,
    "커스터마이징": 1,
    "컨셉추얼한": 1,
    "컬래버를": 1,
    "컴플렉스": 1,
    "코르사주": 1,
    "코스메틱": 1,
    "코스타디노브": 1,
    "코치토피아": 1,
    "코트니 카다시안": 1,
    "코페르니": 1,
    "코펜하겐": 1,
    "콜라보레이션": 1,
    "콜라상트": 1,
    "콜로신스": 1,
    "콜린 파렐": 1,
    "콤플렉스": 1,
    "쿠튀르적": 1,
    "쿨 키즈": 1,
    "크로커다": 1,
    "크리스 제너": 1,
    "크리스찬": 1,
    "크리스티": 1,
    "크리스티 털링턴": 1,
    "크리에이션": 1,
    "크리틱스": 1,
    "클라우디아": 1,
    "클루리스": 1,
    "클리비지": 1,
    "키튼힐의": 1,
    "타임라인": 1,
    "타임머신": 1,
    "터닝포인트": 1,
    "테러 라이브": 1,
    "테일러스": 1,
    "테크니컬": 1,
    "텍스쳐의": 1,
    "투머치해": 1,
    "투모로우바이투게더의": 1,
    "트라우마": 1,
    "트라페제": 1,
    "트라페즈": 1,
    "트레이너": 1,
    "트리밍으": 1,
    "파리지앵": 1,
    "파벨라토": 1,
    "파블로 피카소": 1,
    "파블로바": 1,
    "파워숄더": 1,
    "팔미토일": 1,
    "팝 아이돌": 1,
    "퍼레이드": 1,
    "페미닌과": 1,
    "페이던트": 1,
    "페이즐리": 1,
    "페이퍼백": 1,
    "펜트하우스": 1,
    "포니테일": 1,
    "포슬포슬": 1,
    "포토닉스": 1,
    "포트레이트": 1,
    "폰 부스": 1,
    "폴리네시아": 1,
    "프란체스카": 1,
    "프런트로": 1,
    "프레이즈": 1,
    "프로덕션": 1,
    "프로듀스": 1,
    "프로세스": 1,
    "프로엔자": 1,
    "프로텍션": 1,
    "프리 폴": 1,
    "프리미어": 1,
    "프리베쇼": 1,
    "플라이트": 1,
    "플레이오프": 1,
    "플로럴을": 1,
    "플로리다": 1,
    "피냐텔리가": 1,
    "피스타치오": 1,
    "피오레버": 1,
    "피터스버그": 1,
    "피트니스": 1,
    "핀스트라이프": 1,
    "필로소피": 1,
    "필모그래피": 1,
    "하루아침": 1,
    "하워드 도이치": 1,
    "하이 라이즈": 1,
    "하이라이트": 1,
    "해롤드와 모드": 1,
    "해외여행": 1,
    "해체주의": 1,
    "헤어리한": 1,
    "헨리스피자": 1,
    "헬레나 크리스텐슨": 1,
    "호루라기": 1,
    "호아킨 피닉스": 1,
    "혹스워스와": 1,
    "홈시어터": 1,
    "환공포증": 1,
    "횡단보도": 1,
    "휘뚜루마뚜루": 1,
    "흐트러트려": 1,
    "흐트러트린": 1,
    "희로애락": 1,
    "희희낙락": 1,
    "히말라야": 1,
    "히비스커스": 1
}