{
    "스타일링": 164,
    "액세서리": 51,
    "다이아몬드": 50,
    "네크리스": 48,
    "레이어드": 45,
    "스타일리시": 39,
    "스웨이드": 38,
    "스니커즈": 28,
    "더 보이즈": 25,
    "스트라이프": 25,
    "브레이슬릿": 24,
    "두아 리파": 23,
    "선글라스": 21,
    "발레리나": 20,
    "부르주아": 20,
    "아티스트": 17,
    "스트레이트": 16,
    "넷플릭스": 14,
    "밀리터리": 14,
    "바라클라바": 14,
    "페스티벌": 14,
    "디자이너": 13,
    "보헤미안": 13,
    "블라우스": 13,
    "인플루언서": 13,
    "프로젝트": 13,
    "글래머러스": 12,
    "마찬가지": 12,
    "카리스마": 12,
    "레오퍼드": 11,
    "보테가 베네타": 11,
    "아이디어": 11,
    "아이코닉한": 11,
    "몽클레르": 10,
    "브레이슬릿은": 10,
    "안젤리나": 10,
    "켄달 제너": 10,
    "디스트로이드": 9,
    "블레이저": 9,
    "엘르 패닝": 9,
    "프로그램": 9,
    "가브리엘 샤넬": 8,
    "마스터피스": 8,
    "사파이어": 8,
    "스톤헨지": 8,
    "아디다스": 8,
    "야노 시호": 8,
    "카이아 거버": 8,
    "타이틀곡": 8,
    "퍼포먼스": 8,
    "헤일리 비버": 8,
    "단발머리": 7,
    "레드카펫": 7,
    "발렌시아가": 7,
    "발렌티노": 7,
    "블랙 스완": 7,
    "빅토리아": 7,
    "아이보리": 7,
    "파파라치": 7,
    "프로듀서": 7,
    "프로모션": 7,
    "레퍼토리": 6,
    "루이비통": 6,
    "메이크업": 6,
    "무궁무진": 6,
    "보헤미언": 6,
    "사브리나": 6,
    "아카데미": 6,
    "제니퍼 로렌스": 6,
    "지니어스": 6,
    "지드래곤": 6,
    "켈리 러더포드": 6,
    "패셔너블": 6,
    "패셔니스타": 6,
    "펩타이드": 6,
    "돈키호테": 5,
    "사브리나 카펜터": 5,
    "스트레스": 5,
    "스트리트": 5,
    "스포트라이트": 5,
    "슬리브리스": 5,
    "시그니처": 5,
    "애슬레저": 5,
    "애콜라이트": 5,
    "앵클부츠": 5,
    "에메랄드": 5,
    "인스타그램": 5,
    "줄리아 폭스": 5,
    "카멜리아": 5,
    "카모플라주": 5,
    "카우보이": 5,
    "칼리 클로스": 5,
    "크리스털": 5,
    "텔레비전": 5,
    "트랜스젠더": 5,
    "헤어스타일": 5,
    "다코타 존슨": 4,
    "마이크로": 4,
    "매너리즘": 4,
    "뮤직비디오": 4,
    "바부슈카": 4,
    "보스코노": 4,
    "부끄러움": 4,
    "브레이슬릿과": 4,
    "사라 제시카 파커": 4,
    "수키 워터하우스": 4,
    "스카이 블루": 4,
    "스타일리스트": 4,
    "아멜리아": 4,
    "에피소드": 4,
    "엔터테인먼트": 4,
    "엘레강스": 4,
    "엘리베이터": 4,
    "오드리 햅번": 4,
    "오랫동안": 4,
    "이탈리아": 4,
    "자유분방": 4,
    "지그재그": 4,
    "카일리 제너": 4,
    "캐시미어": 4,
    "트레이닝": 4,
    "페라가모": 4,
    "페이턴트": 4,
    "가르니에": 3,
    "남한산성": 3,
    "뉴스보이": 3,
    "드리스 반 노튼": 3,
    "로드 투 킹덤": 3,
    "로스엔젤레스": 3,
    "리타 오라": 3,
    "리프레시": 3,
    "마르세유": 3,
    "메리 제인": 3,
    "모노그램": 3,
    "무라카미 다카시": 3,
    "미우 미우": 3,
    "믹스테이프": 3,
    "보디슈트": 3,
    "복슬복슬한": 3,
    "브릴리언트": 3,
    "브이로그": 3,
    "비즈니스": 3,
    "비하인드": 3,
    "세리머니": 3,
    "솔리테어": 3,
    "스웻셔츠": 3,
    "스트라빈스키": 3,
    "스틸레토": 3,
    "슬레이트": 3,
    "시아로니": 3,
    "아름다움": 3,
    "아우터웨어": 3,
    "아틀리에": 3,
    "애티튜드": 3,
    "언밸런스": 3,
    "에너제틱": 3,
    "에단 호크": 3,
    "에밀리 라타이코프스키": 3,
    "오로라 공주": 3,
    "오리지널": 3,
    "이어링과": 3,
    "인트레치아토": 3,
    "제니퍼 로페즈": 3,
    "젠데이아": 3,
    "찰떡궁합": 3,
    "칼럼 터너": 3,
    "컨템퍼러리": 3,
    "컬래버레이션": 3,
    "컴플리트": 3,
    "콘서트장": 3,
    "클로이 카다시안": 3,
    "타임리스": 3,
    "트로이 시반": 3,
    "티모시 샬라메": 3,
    "파트너십": 3,
    "패리스 힐튼": 3,
    "페기 구": 3,
    "필라테스": 3,
    "할리우드": 3,
    "할아버지": 3,
    "해서웨이": 3,
    "각양각색": 2,
    "군더더기": 2,
    "글라소머": 2,
    "니키 힐튼": 2,
    "드라큘라": 2,
    "러브노트": 2,
    "레스토랑": 2,
    "레이어링": 2,
    "레지던스": 2,
    "로로 피아나": 2,
    "로맨스가 필요해 2012": 2,
    "로지 헌팅턴 휘틀리": 2,
    "리플렉션": 2,
    "마이크로소프트": 2,
    "매니지먼트": 2,
    "명실상부": 2,
    "모니터링": 2,
    "미니스커트": 2,
    "백조의 호수": 2,
    "부산국제영화제": 2,
    "뷔스티에": 2,
    "브레이커": 2,
    "비토리아 세레티": 2,
    "새티스파이": 2,
    "서바이벌": 2,
    "서울재즈페스티벌": 2,
    "셀레나 고메즈": 2,
    "스위트 홈": 2,
    "스키니진과": 2,
    "스키아파렐리": 2,
    "스타워즈": 2,
    "스타일러": 2,
    "스튜디오": 2,
    "스트리밍": 2,
    "스펙트럼": 2,
    "스프레이": 2,
    "슬라우치": 2,
    "시나리오": 2,
    "아그레뜨": 2,
    "아메리카나": 2,
    "아바바브": 2,
    "아방가르드": 2,
    "아웃도어": 2,
    "아이러니": 2,
    "아카이브": 2,
    "알렉산더 맥퀸": 2,
    "앤 해서웨이": 2,
    "앰버서더": 2,
    "업그레이드": 2,
    "에이셉 라키": 2,
    "엔하이픈": 2,
    "연말연시": 2,
    "오프숄더": 2,
    "올림픽공원": 2,
    "워크웨어": 2,
    "원더랜드": 2,
    "웨어러블": 2,
    "이것저것": 2,
    "이노베이티브": 2,
    "일맥상통": 2,
    "자리매김": 2,
    "장바구니": 2,
    "전무후무": 2,
    "조지 발란신": 2,
    "초등학교": 2,
    "카멀라 해리스": 2,
    "카무플라주": 2,
    "컨트리 음악": 2,
    "콜로라도주": 2,
    "크리스마스": 2,
    "크리에이터": 2,
    "크리에이티브": 2,
    "클라우드": 2,
    "킴 카다시안": 2,
    "타임캡슐": 2,
    "투 머치": 2,
    "트리밍이": 2,
    "트리옹프": 2,
    "패치워크": 2,
    "포토그래퍼": 2,
    "프라이드": 2,
    "프란체스코": 2,
    "프린세스": 2,
    "피냐텔리": 2,
    "헬로키티": 2,
    "형형색색": 2,
    "호피무늬": 2,
    "홀리데이": 2,
    "가방덥수": 1,
    "가브리엘": 1,
    "가브리엘 포레": 1,
    "가지각색": 1,
    "거버너스": 1,
    "고군분투": 1,
    "고등학생": 1,
    "공기놀이": 1,
    "과유불급": 1,
    "그랑프리": 1,
    "그러데이션": 1,
    "그좁스키": 1,
    "근린공원": 1,
    "글루르지제": 1,
    "기상천외": 1,
    "기정사실": 1,
    "김조광수": 1,
    "까르띠에": 1,
    "나뭇가지": 1,
    "나스티야": 1,
    "나오미 왓츠": 1,
    "나인: 아홉 번의 시간여행": 1,
    "나탈리아 보디아노바": 1,
    "내러티브": 1,
    "네트워크": 1,
    "니콜 키드만": 1,
    "다다익선": 1,
    "다리우스": 1,
    "다만 악에서 구하소서": 1,
    "다이나믹": 1,
    "다재다능": 1,
    "다큐멘터리": 1,
    "더 글로리": 1,
    "더 크루": 1,
    "더 투나잇 쇼": 1,
    "더로우의": 1,
    "데번 윈저": 1,
    "데이식스": 1,
    "데카당스": 1,
    "동백꽃 필 무렵": 1,
    "두 번의 결혼식과 한 번의 장례식": 1,
    "드레이핑": 1,
    "드브로워": 1,
    "등장인물": 1,
    "디 아이돌": 1,
    "디미트루": 1,
    "디스코그래피": 1,
    "디아길레프": 1,
    "디아길레프의": 1,
    "디제잉을": 1,
    "딱지치기": 1,
    "랄프 로렌": 1,
    "러더포드": 1,
    "러버보이": 1,
    "레디투웨어": 1,
    "레오나르도 디카프리오": 1,
    "레오타드": 1,
    "레오퍼드와": 1,
    "레즈비언": 1,
    "레퍼런스": 1,
    "레퍼런스를": 1,
    "로라 해리어": 1,
    "로맨티시즘": 1,
    "롭 카다시안": 1,
    "롱부츠에": 1,
    "롱스커트": 1,
    "롱슬리브": 1,
    "루니 마라": 1,
    "르세라핌": 1,
    "리드미컬": 1,
    "리얼리티": 1,
    "리치의에포리스": 1,
    "릴리 콜린스": 1,
    "마르그리트": 1,
    "마이애미": 1,
    "마이해피하츠": 1,
    "마인드맵": 1,
    "매그니피센트": 1,
    "맥시멀하": 1,
    "맥카트니": 1,
    "머메이드": 1,
    "머스큘린": 1,
    "메달리스트": 1,
    "모래시계": 1,
    "모래주머니": 1,
    "몬스타엑스": 1,
    "뫼비우스": 1,
    "무당벌레": 1,
    "무라가미": 1,
    "무라카미": 1,
    "무스가드": 1,
    "뮤자게트": 1,
    "미니멀리즘의": 1,
    "미드나잇": 1,
    "미드나잇 인 파리": 1,
    "미란다 커": 1,
    "미우치아": 1,
    "미즈라히": 1,
    "밀레피드": 1,
    "밀리터리도": 1,
    "바람막이": 1,
    "바리아시옹": 1,
    "바뷰슈카": 1,
    "바츨라프 니진스키": 1,
    "반나영스테인": 1,
    "방돔 광장": 1,
    "배드민턴": 1,
    "백설공주": 1,
    "뱀파이어": 1,
    "뱀피무늬": 1,
    "뱃걸리리": 1,
    "버지니 비아르": 1,
    "번거로움": 1,
    "베니 블랑코": 1,
    "베르베르": 1,
    "베르사체": 1,
    "벨라 손": 1,
    "보디수트": 1,
    "보부상러": 1,
    "부쉐론의": 1,
    "불한당: 나쁜 놈들의 세상": 1,
    "브라톱과": 1,
    "브래들리 쿠퍼": 1,
    "브레스트": 1,
    "브레이드": 1,
    "브로니슬라바 니진스카": 1,
    "브릿 로어": 1,
    "블라지가": 1,
    "블랙 미디": 1,
    "블록버스터": 1,
    "블루 다이아몬드": 1,
    "비디오테이프": 1,
    "비즈니스맨": 1,
    "빌리 아일리시": 1,
    "뽀글이와": 1,
    "사고방식": 1,
    "사랑의 불시착": 1,
    "사우스햄튼": 1,
    "사진 속 그녀": 1,
    "사카구치": 1,
    "살바도르": 1,
    "살바토레": 1,
    "상속자들": 1,
    "새들러스": 1,
    "새해맞이": 1,
    "샹들리에": 1,
    "성냥개비": 1,
    "성냥팔이": 1,
    "세레나 고메즈": 1,
    "세레머니": 1,
    "세르게이": 1,
    "세이브 더 라스트 댄스": 1,
    "세트리스트": 1,
    "센세이셔널": 1,
    "센세이션": 1,
    "셀러브리티": 1,
    "셀린느의": 1,
    "소강상태": 1,
    "소시오패스": 1,
    "소용돌이": 1,
    "쇼미더머니": 1,
    "쇼트커트": 1,
    "수납공간": 1,
    "수양대군": 1,
    "순간순간": 1,
    "슈퍼마켓": 1,
    "슈퍼스타": 1,
    "스네이크": 1,
    "스웨트셔츠": 1,
    "스웻팬츠": 1,
    "스케이트": 1,
    "스케이트보드": 1,
    "스켈레톤": 1,
    "스크리닝": 1,
    "스키니진": 1,
    "스키니진에": 1,
    "스킨케어": 1,
    "스타일리쉬": 1,
    "스테디셀러": 1,
    "스테레오": 1,
    "스톤 아일랜드": 1,
    "스톤워시": 1,
    "스트랩으": 1,
    "스트랩은": 1,
    "스트랩이": 1,
    "스트레이 키즈": 1,
    "스파이스": 1,
    "스포티한": 1,
    "슬리브와": 1,
    "시그너처": 1,
    "시기적절": 1,
    "시미헤이즈": 1,
    "시아르가오": 1,
    "시에나 밀러": 1,
    "시장바구니": 1,
    "신드레브": 1,
    "심사숙고": 1,
    "싱글 인 서울": 1,
    "쓰리, 몬스터": 1,
    "아날로그": 1,
    "아드리아나 리마": 1,
    "아르데코": 1,
    "아리아나 그란데": 1,
    "아멜리에": 1,
    "아미노산": 1,
    "아우터와": 1,
    "아우터웨어에": 1,
    "아이덴티티": 1,
    "아이브의": 1,
    "아이스라테": 1,
    "아이슬란드": 1,
    "아이코닉": 1,
    "아코디언": 1,
    "아코이아": 1,
    "안녕하세요": 1,
    "안성맞춤": 1,
    "안티에이징": 1,
    "알레산드라": 1,
    "알레산드로": 1,
    "알레산드로 미켈레": 1,
    "알렉사 청": 1,
    "알렉산드라": 1,
    "앙리 로랑스": 1,
    "애니메이션": 1,
    "애머시스트": 1,
    "앤 드뮐미스터": 1,
    "앰배서더": 1,
    "앰브로시오": 1,
    "어른아이": 1,
    "어린아이": 1,
    "어처구니": 1,
    "얼룩무늬": 1,
    "에드 웨스트윅": 1,
    "에르메스": 1,
    "에밀리, 파리에 가다": 1,
    "에스코트": 1,
    "에슬레저": 1,
    "에이전시": 1,
    "에이전트": 1,
    "에포리스": 1,
    "엔지니어링": 1,
    "엘라스틴": 1,
    "엘사 호스크": 1,
    "여기저기": 1,
    "여리여리": 1,
    "여주인공": 1,
    "오너먼트": 1,
    "오데마 피게": 1,
    "오렌지색": 1,
    "오버사이즈": 1,
    "오페라단": 1,
    "올리비아": 1,
    "올림피아": 1,
    "완전무결": 1,
    "외인구단": 1,
    "우두머리": 1,
    "우리나라": 1,
    "욱여넣기": 1,
    "워커홀릭": 1,
    "웨딩드레스": 1,
    "웨이스트로": 1,
    "유머러스": 1,
    "유유자적": 1,
    "유일무이": 1,
    "유틸리티": 1,
    "이그조틱": 1,
    "이너웨어": 1,
    "이리나 샤크": 1,
    "이목구비": 1,
    "이번 생도 잘 부탁해": 1,
    "이브 생 로랑": 1,
    "이스라엘": 1,
    "이어커프": 1,
    "이지 리스닝": 1,
    "이터넬레": 1,
    "인공위성": 1,
    "인그레이빙": 1,
    "인터내셔널": 1,
    "일렉트로 스윙": 1,
    "자기만족": 1,
    "자유자재": 1,
    "잠금장치": 1,
    "잭슨 폴록": 1,
    "저스틴 비버": 1,
    "적재적소": 1,
    "전매특허": 1,
    "제너레이션": 1,
    "제이든 스미스": 1,
    "조거팬츠": 1,
    "중간중간": 1,
    "지미 키멜": 1,
    "지미 팰런": 1,
    "직사각형": 1,
    "진두지휘": 1,
    "진주 목걸이": 1,
    "차이콥스키": 1,
    "챔피언십": 1,
    "척 배스": 1,
    "천샤오가": 1,
    "천차만별": 1,
    "초등학생": 1,
    "카라 델레바인": 1,
    "카밀라 카베요": 1,
    "카프스킨": 1,
    "칼 라거펠트": 1,
    "캘리포니아": 1,
    "캡사이신": 1,
    "커스터마이징": 1,
    "코르사주": 1,
    "코스메틱": 1,
    "코트니 카다시안": 1,
    "코페르니": 1,
    "콜라상트": 1,
    "콜린 파렐": 1,
    "콤플렉스": 1,
    "콰이어트": 1,
    "크라비츠": 1,
    "크로커다": 1,
    "크리스 제너": 1,
    "크리스찬": 1,
    "크리스찬 루부탱": 1,
    "클라우디아": 1,
    "키튼힐의": 1,
    "타임라인": 1,
    "타임머신": 1,
    "터닝포인트": 1,
    "테디베어": 1,
    "테러 라이브": 1,
    "텍스쳐의": 1,
    "투머치해": 1,
    "투모로우바이투게더의": 1,
    "트라우마": 1,
    "트라우저": 1,
    "트레이너": 1,
    "트레이드": 1,
    "트렌치코트": 1,
    "트리밍으": 1,
    "파리지앵": 1,
    "파벨라토": 1,
    "파블로 피카소": 1,
    "파블로바": 1,
    "팔미토일": 1,
    "페이즐리": 1,
    "페이크퍼": 1,
    "페이퍼백": 1,
    "포인티드": 1,
    "포토닉스": 1,
    "폰 부스": 1,
    "퓨처리스틱": 1,
    "프런트로": 1,
    "프로덕션": 1,
    "프로듀스": 1,
    "프로세스": 1,
    "프로엔자": 1,
    "프리 폴": 1,
    "프리미어": 1,
    "플로리다": 1,
    "피냐텔리가": 1,
    "피에르 발망": 1,
    "피터스버그": 1,
    "피트니스": 1,
    "필로소피": 1,
    "필모그래피": 1,
    "하나하나": 1,
    "하루아침": 1,
    "하운드투스": 1,
    "핫 핑크": 1,
    "해롤드와 모드": 1,
    "해바라기": 1,
    "해외여행": 1,
    "해체주의": 1,
    "헐리우드": 1,
    "호아킨 피닉스": 1,
    "홈시어터": 1,
    "환공포증": 1,
    "횡단보도": 1,
    "휘뚜루마뚜루": 1,
    "흐트러트려": 1,
    "흐트러트린": 1,
    "희로애락": 1,
    "희희낙락": 1
}