{
    "스타일링": 1130,
    "다이아몬드": 386,
    "액세서리": 343,
    "스타일리시": 338,
    "레이어드": 239,
    "네크리스": 214,
    "스웨이드": 178,
    "스트라이프": 158,
    "선글라스": 155,
    "스니커즈": 151,
    "블레이저": 147,
    "디자이너": 140,
    "블라우스": 119,
    "헤일리 비버": 107,
    "크리스마스": 103,
    "보헤미안": 88,
    "두아 리파": 82,
    "카리스마": 82,
    "레오퍼드": 80,
    "보테가 베네타": 80,
    "카우보이": 76,
    "미우 미우": 75,
    "마찬가지": 74,
    "브레이슬릿": 71,
    "켄달 제너": 71,
    "글래머러스": 65,
    "레오파드": 64,
    "아티스트": 64,
    "인플루언서": 61,
    "카일리 제너": 59,
    "메이크업": 58,
    "빅토리아": 58,
    "스트레이트": 57,
    "애티튜드": 57,
    "아이코닉한": 56,
    "인스타그램": 55,
    "트레이닝": 55,
    "패셔너블": 55,
    "바라클라바": 51,
    "시그니처": 49,
    "트렌치코트": 49,
    "비즈니스": 47,
    "파파라치": 46,
    "레이어링": 45,
    "발레리나": 45,
    "크리에이티브": 45,
    "스트리트": 43,
    "아이보리": 43,
    "군더더기": 39,
    "미니스커트": 38,
    "발렌시아가": 37,
    "슬리브리스": 37,
    "지드래곤": 37,
    "카이아 거버": 37,
    "캐시미어": 37,
    "킴 카다시안": 37,
    "아이디어": 36,
    "에메랄드": 36,
    "메리 제인": 35,
    "발렌티노": 35,
    "스틸레토": 35,
    "에르메스": 35,
    "크리스털": 35,
    "패셔니스타": 35,
    "까르띠에": 34,
    "루이비통": 34,
    "다이애나": 33,
    "더 보이즈": 33,
    "사파이어": 33,
    "홀리데이": 33,
    "안젤리나": 32,
    "제니퍼 로렌스": 32,
    "퍼포먼스": 32,
    "부르주아": 31,
    "엘레강스": 31,
    "아카이브": 30,
    "오프숄더": 30,
    "앰버서더": 29,
    "자유분방": 29,
    "할아버지": 29,
    "엘사 호스크": 28,
    "레스토랑": 27,
    "밀리터리": 27,
    "브레이슬릿은": 27,
    "스타일리스트": 27,
    "애슬레저": 27,
    "프로젝트": 27,
    "마이크로": 26,
    "아이코닉": 26,
    "에이셉 라키": 26,
    "카무플라주": 26,
    "플래그십": 26,
    "가브리엘 샤넬": 25,
    "타임리스": 25,
    "랄프 로렌": 24,
    "모노그램": 24,
    "이탈리아": 24,
    "페라가모": 24,
    "페스티벌": 24,
    "프로그램": 24,
    "넷플릭스": 23,
    "브레스트": 23,
    "셀레나 고메즈": 23,
    "아름다움": 23,
    "포인티드": 23,
    "디스트로이드": 22,
    "브릴리언트": 22,
    "스튜디오": 22,
    "할리우드": 22,
    "스웻셔츠": 21,
    "제니퍼 로페즈": 21,
    "사브리나 카펜터": 20,
    "오랫동안": 20,
    "코펜하겐": 20,
    "드라마틱": 19,
    "레드카펫": 19,
    "바람막이": 19,
    "브레이커": 19,
    "아일랜드": 19,
    "아카데미": 19,
    "이리나 샤크": 19,
    "칼럼 터너": 19,
    "페이턴트": 19,
    "로우라이즈": 18,
    "베르사체": 18,
    "시그너처": 18,
    "아웃도어": 18,
    "엘르 패닝": 18,
    "오버사이즈": 18,
    "파멜라 앤더슨": 18,
    "무궁무진": 17,
    "뮤직비디오": 17,
    "스케이트": 17,
    "업그레이드": 17,
    "찰떡궁합": 17,
    "화룡점정": 17,
    "디아망트": 16,
    "보헤미언": 16,
    "아리아나 그란데": 16,
    "아이덴티티": 16,
    "에피소드": 16,
    "크롬하츠": 16,
    "테일러 스위프트": 16,
    "나오미 왓츠": 15,
    "돌체앤가바나": 15,
    "롱스커트": 15,
    "비비안 웨스트우드": 15,
    "사보타주": 15,
    "실리카겔": 15,
    "아멜리아": 15,
    "아이스 큐브": 15,
    "언밸런스": 15,
    "웨어러블": 15,
    "유머러스": 15,
    "헐리우드": 15,
    "헤어스타일": 15,
    "다코타 존슨": 14,
    "드레이핑": 14,
    "무브먼트": 14,
    "베네치아": 14,
    "변화무쌍": 14,
    "슬라우치": 14,
    "앰배서더": 14,
    "올리비아": 14,
    "자리매김": 14,
    "저스틴 비버": 14,
    "그랜파코어": 13,
    "미우치아": 13,
    "바카렐로": 13,
    "스파클링": 13,
    "아디다스": 13,
    "아방가르드": 13,
    "아크네 스튜디오": 13,
    "에슬레저": 13,
    "젠데이아": 13,
    "카디 비": 13,
    "코로만델": 13,
    "프레셔스": 13,
    "프리미에르": 13,
    "플래티넘": 13,
    "브레이슬릿과": 12,
    "브루넬로 쿠치넬리": 12,
    "스트레스": 12,
    "스포트라이트": 12,
    "알렉사 청": 12,
    "앵클부츠": 12,
    "여리여리": 12,
    "오리지널": 12,
    "진주 목걸이": 12,
    "코듀로이": 12,
    "다큐멘터리": 11,
    "로로 피아나": 11,
    "마스터피스": 11,
    "보디슈트": 11,
    "복슬복슬한": 11,
    "스카이 블루": 11,
    "알렉산더 맥퀸": 11,
    "에밀리 라타이코프스키": 11,
    "이것저것": 11,
    "적재적소": 11,
    "켄드릭 라마": 11,
    "포멜라토": 11,
    "프로모션": 11,
    "형형색색": 11,
    "마르세유": 10,
    "메종 마르지엘라": 10,
    "몽클레르": 10,
    "밸런타인데이": 10,
    "브레이드": 10,
    "비하인드": 10,
    "수키 워터하우스": 10,
    "아플리케": 10,
    "안성맞춤": 10,
    "애디슨 레이": 10,
    "자유자재": 10,
    "테디베어": 10,
    "포토그래퍼": 10,
    "프로듀서": 10,
    "필라테스": 10,
    "데이비드": 9,
    "드리스 반 노튼": 9,
    "디케이터": 9,
    "머메이드": 9,
    "미니멀리즘의": 9,
    "사브리나": 9,
    "스펙트럼": 9,
    "시나리오": 9,
    "아메리칸": 9,
    "아틀리에": 9,
    "앤 해서웨이": 9,
    "줄리아 폭스": 9,
    "줄리앤 무어": 9,
    "컬래버레이션": 9,
    "컴플리트": 9,
    "켈리 러더포드": 9,
    "콤플렉스": 9,
    "타이틀곡": 9,
    "프리미어": 9,
    "하나하나": 9,
    "헤리티지": 9,
    "니콜라 펠츠": 8,
    "단발머리": 8,
    "드레이프": 8,
    "디트로이트": 8,
    "레드 벨벳": 8,
    "레이어드해": 8,
    "르세라핌": 8,
    "마크 제이콥스": 8,
    "매디슨 비어": 8,
    "모래시계": 8,
    "무라카미": 8,
    "미스터리": 8,
    "발렌타인데이": 8,
    "발렌티노 가라바니": 8,
    "브루클린": 8,
    "블랙 & 화이트": 8,
    "블링블링": 8,
    "스키니진": 8,
    "스톤헨지": 8,
    "스트레이 키즈": 8,
    "스피드캣": 8,
    "시에나 밀러": 8,
    "아그레뜨": 8,
    "아이러니": 8,
    "아이슬란드": 8,
    "야노 시호": 8,
    "에디 슬리먼": 8,
    "에포리스": 8,
    "유일무이": 8,
    "자크뮈스": 8,
    "장바구니": 8,
    "직사각형": 8,
    "카멜리아": 8,
    "카밀라 카베요": 8,
    "칼리 클로스": 8,
    "코페르니": 8,
    "크라비츠": 8,
    "클로이 카다시안": 8,
    "패리스 힐튼": 8,
    "페이크퍼": 8,
    "프레젠테이션": 8,
    "하이라이트": 8,
    "화이트데이": 8,
    "각양각색": 7,
    "그러데이션": 7,
    "나오미 캠벨": 7,
    "니키 힐튼": 7,
    "대도시의 사랑법": 7,
    "데미 무어": 7,
    "레퍼토리": 7,
    "마이키 매디슨": 7,
    "브라이덜": 7,
    "블랙 스완": 7,
    "샌프란시스코": 7,
    "솔로메오": 7,
    "슈퍼 맘": 7,
    "슐럼버제": 7,
    "아포스텔": 7,
    "알라이아": 7,
    "알레산드로 미켈레": 7,
    "애슐리 올슨": 7,
    "에너제틱": 7,
    "엠버서더": 7,
    "연말연시": 7,
    "오데마 피게": 7,
    "존 갈리아노": 7,
    "천차만별": 7,
    "체크무늬": 7,
    "카모플라주": 7,
    "칼 라거펠트": 7,
    "캘리포니아": 7,
    "커뮤니티": 7,
    "코르사주": 7,
    "콘크리트": 7,
    "크리스찬 루부탱": 7,
    "크리스탈": 7,
    "크리에이션": 7,
    "크리에이터": 7,
    "키이라 나이틀리": 7,
    "테크니컬": 7,
    "트리밍이": 7,
    "트리옹프": 7,
    "트와이스": 7,
    "티모시 샬라메": 7,
    "팝 아이돌": 7,
    "퍼레이드": 7,
    "퍼렐 윌리엄스": 7,
    "휘뚜루마뚜루": 7,
    "고등학생": 6,
    "금상첨화": 6,
    "꽃샘추위": 6,
    "나팔바지": 6,
    "뉴스보이": 6,
    "다이어트": 6,
    "디올라마": 6,
    "리프레시": 6,
    "마르게리타": 6,
    "마음가짐": 6,
    "매너리즘": 6,
    "발렌타인": 6,
    "버지니 비아르": 6,
    "베니 블랑코": 6,
    "베요네타": 6,
    "보디수트": 6,
    "브라톱과": 6,
    "브래드 피트": 6,
    "브레이슬": 6,
    "사라 제시카 파커": 6,
    "서바이벌": 6,
    "선재 업고 튀어": 6,
    "세르펜티": 6,
    "셀러브리티": 6,
    "셀프와인딩": 6,
    "솔리테어": 6,
    "슈퍼모델": 6,
    "스코틀랜드": 6,
    "스크리닝": 6,
    "스테이지": 6,
    "싱어송라이터": 6,
    "애슐리 윌리엄스": 6,
    "앨런 화이트": 6,
    "엔터테인먼트": 6,
    "엠브로이더리": 6,
    "오드리 햅번": 6,
    "옥스퍼드": 6,
    "웨이스트": 6,
    "윌리엄스": 6,
    "인 앤 아웃": 6,
    "인트레치아토": 6,
    "일맥상통": 6,
    "지니어스": 6,
    "총천연색": 6,
    "컨템퍼러리": 6,
    "콰이어트": 6,
    "트랜스젠더": 6,
    "트레이닝복": 6,
    "파워리저브": 6,
    "펩타이드": 6,
    "핀터레스트": 6,
    "핫 핑크": 6,
    "해서웨이": 6,
    "고등학교": 5,
    "그라데이션": 5,
    "그래피티": 5,
    "까멜리아": 5,
    "노스페라투": 5,
    "다마고치": 5,
    "다이내믹": 5,
    "다재다능": 5,
    "돈키호테": 5,
    "등장인물": 5,
    "디올리가미": 5,
    "라이브러리": 5,
    "레지던스": 5,
    "레퍼런스": 5,
    "로드리고": 5,
    "르마리에": 5,
    "리드미컬": 5,
    "마더오브펄": 5,
    "마이 러브": 5,
    "마이애미": 5,
    "맥카트니": 5,
    "머리카락": 5,
    "메건 마클": 5,
    "미디스커트": 5,
    "바부슈카": 5,
    "바스키아": 5,
    "백설공주": 5,
    "뱀파이어": 5,
    "뷔스티에": 5,
    "선블리치": 5,
    "세일러문": 5,
    "소피아 리치": 5,
    "스네이크": 5,
    "스웨트셔츠": 5,
    "스텔라 매카트니": 5,
    "스토리텔링": 5,
    "스튜어트": 5,
    "스파이스": 5,
    "아우터와": 5,
    "아우터웨어": 5,
    "아임 쏘리": 5,
    "애콜라이트": 5,
    "에이티즈": 5,
    "엘리베이터": 5,
    "오렌지색": 5,
    "올리비아 로드리고": 5,
    "요조숙녀": 5,
    "이너웨어": 5,
    "이목구비": 5,
    "인테리어": 5,
    "일석이조": 5,
    "자연주의": 5,
    "제이콥앤코의": 5,
    "콜라보레이션": 5,
    "콜롬비아": 5,
    "크리스틴": 5,
    "타일러 더 크리에이터": 5,
    "텔레비전": 5,
    "투 머치": 5,
    "트래비스": 5,
    "트로이 시반": 5,
    "페이즐리": 5,
    "포트레이트": 5,
    "프레이즈": 5,
    "프로엔자": 5,
    "플라운스": 5,
    "거버너스": 4,
    "겨울나기": 4,
    "그레이시 에이브럼스": 4,
    "기상천외": 4,
    "네크리스와": 4,
    "다이나미즘": 4,
    "대디코어": 4,
    "데뷔탕트": 4,
    "도자 캣": 4,
    "드래프트": 4,
    "디스퀘어드2": 4,
    "레그워머": 4,
    "로맨티시즘": 4,
    "릴리 콜린스": 4,
    "마고 로비": 4,
    "마이크로소프트": 4,
    "매니지먼트": 4,
    "머스큘린": 4,
    "무라카미 다카시": 4,
    "미니멀리즘": 4,
    "백조의 호수": 4,
    "베니티 페어": 4,
    "보스코노": 4,
    "부끄러움": 4,
    "부쉐론의": 4,
    "브라이스": 4,
    "브래들리 쿠퍼": 4,
    "브리트니": 4,
    "샹들리에": 4,
    "성냥팔이": 4,
    "세레나 고메즈": 4,
    "세리머니": 4,
    "세븐 틴": 4,
    "슈퍼마켓": 4,
    "스와로브스키": 4,
    "스윔웨어": 4,
    "스키아파렐리": 4,
    "스트라다": 4,
    "스페이스": 4,
    "스포트막스": 4,
    "승승장구": 4,
    "시어머니": 4,
    "알렉산드라": 4,
    "애니메이션": 4,
    "앤 드뮐미스터": 4,
    "억만장자": 4,
    "에버 앤더슨": 4,
    "엔하이픈": 4,
    "엘리자베스 올슨": 4,
    "여주인공": 4,
    "오니츠카": 4,
    "오니츠카타이거": 4,
    "오프라인": 4,
    "워크웨어": 4,
    "이곳저곳": 4,
    "이어링과": 4,
    "이어커프": 4,
    "일상생활": 4,
    "자수성가": 4,
    "장수풍뎅이": 4,
    "조니 뎁": 4,
    "줄리안 무어": 4,
    "지그재그": 4,
    "지미 추": 4,
    "청개구리": 4,
    "청룡영화상": 4,
    "초등학교": 4,
    "커스터마이": 4,
    "크래프트": 4,
    "크로노그래프": 4,
    "크리스 제너": 4,
    "크리스찬": 4,
    "클로에 세비니": 4,
    "클리비지": 4,
    "타임머신": 4,
    "타카하시": 4,
    "트롱프뢰유": 4,
    "틸다 스윈턴": 4,
    "파트너십": 4,
    "패치워크": 4,
    "페넬로페": 4,
    "포니테일": 4,
    "폰데리아": 4,
    "프라이즈": 4,
    "프레데릭": 4,
    "프로페셔널": 4,
    "프린세스": 4,
    "플라스틱": 4,
    "하운드투스": 4,
    "헬로키티": 4,
    "화이트 로투스": 4,
    "휘뚜루마뚜": 4,
    "가르니에": 3,
    "가브리엘": 3,
    "겨울바람": 3,
    "고전주의": 3,
    "그 시절, 우리가 좋아했던 소녀": 3,
    "그랑프리": 3,
    "남한산성": 3,
    "낭만주의": 3,
    "내러티브": 3,
    "뉴발란스": 3,
    "니트웨어": 3,
    "다그레뜨": 3,
    "더플코트": 3,
    "드레이퍼": 3,
    "디오레트": 3,
    "라이프스타일": 3,
    "라일리 코프": 3,
    "로드 투 킹덤": 3,
    "로맨티스트": 3,
    "로살리아": 3,
    "로스앤젤레스": 3,
    "로스엔젤레스": 3,
    "로지 헌팅턴 휘틀리": 3,
    "루벨라이트": 3,
    "리얼리티": 3,
    "리타 오라": 3,
    "맥시멀리즘의": 3,
    "머라이어 캐리": 3,
    "메간 폭스": 3,
    "명실상부": 3,
    "모니터링": 3,
    "모디아노": 3,
    "뫼비우스": 3,
    "미니어처": 3,
    "미메티코": 3,
    "믹스테이프": 3,
    "발라클라바": 3,
    "발룬티어스": 3,
    "베르나르 아르노": 3,
    "베이스볼": 3,
    "벤투리니": 3,
    "보이프렌드": 3,
    "보테가스": 3,
    "보헤미언과": 3,
    "복슬복슬": 3,
    "봄나들이": 3,
    "불여일견": 3,
    "브로드웨이": 3,
    "브이로그": 3,
    "블레이크 라이블리": 3,
    "비토리아 세레티": 3,
    "빅투아르": 3,
    "사진작가": 3,
    "서브스턴스": 3,
    "세인트 빈센트": 3,
    "수납공간": 3,
    "스코티시": 3,
    "스퀘어토": 3,
    "스키니진과": 3,
    "스트라빈스키": 3,
    "스트라스": 3,
    "스트리밍": 3,
    "스파이크": 3,
    "스펙터클": 3,
    "스포티한": 3,
    "스피어스": 3,
    "슬레이트": 3,
    "시미헤이즈": 3,
    "시시각각": 3,
    "시아로니": 3,
    "시크하게": 3,
    "심사숙고": 3,
    "아르마니": 3,
    "아이비리그": 3,
    "아트피스": 3,
    "알레산드로": 3,
    "앨리게이터": 3,
    "앰브로시오": 3,
    "어린아이": 3,
    "얼룩무늬": 3,
    "엄동설한": 3,
    "에단 호크": 3,
    "에스코트": 3,
    "엑스트라": 3,
    "엘리자베스": 3,
    "여기저기": 3,
    "여자친구": 3,
    "역삼각형": 3,
    "영화감독": 3,
    "오니츠카타이거와": 3,
    "오드리 디완": 3,
    "오로라 공주": 3,
    "오스틴 버틀러": 3,
    "오케스트라": 3,
    "오프쇼어": 3,
    "옵티미즘": 3,
    "이노베이티브": 3,
    "이브 생 로랑": 3,
    "이세이 미야케": 3,
    "이어머프": 3,
    "인그레이빙": 3,
    "일러스트": 3,
    "잉글랜드": 3,
    "잠금장치": 3,
    "전매특허": 3,
    "전무후무": 3,
    "제니퍼 가너": 3,
    "제이든 스미스": 3,
    "제이콥앤코": 3,
    "조르지오 아르마니": 3,
    "진주 귀걸이": 3,
    "카라 델레바인": 3,
    "카와이 레너드": 3,
    "카테고리": 3,
    "캐리비안의 해적": 3,
    "케이스티파이": 3,
    "코코 샤넬": 3,
    "콘서트장": 3,
    "크렝치츠키": 3,
    "크로포드": 3,
    "크리스마스트리": 3,
    "크리스챤 디올": 3,
    "태피스트리": 3,
    "터콰이즈": 3,
    "투보가스": 3,
    "트라우저": 3,
    "트레이드": 3,
    "팀플레이": 3,
    "페기 구": 3,
    "페미닌과": 3,
    "페이던트": 3,
    "포슬포슬": 3,
    "포인티트": 3,
    "프러포즈": 3,
    "프레시유": 3,
    "피아니스트": 3,
    "피트니스": 3,
    "필수템으": 3,
    "하이웨이스트": 3,
    "해바라기": 3,
    "헤비메탈": 3,
    "호피무늬": 3,
    ".장영규": 2,
    "가로수길": 2,
    "가지각색": 2,
    "갱스부르": 2,
    "걸음걸이": 2,
    "겨울왕국": 2,
    "고군분투": 2,
    "고려대학교": 2,
    "글라소머": 2,
    "금의환향": 2,
    "기예르모": 2,
    "기정사실": 2,
    "꼼데가르송과": 2,
    "네크리스로": 2,
    "네크리스에": 2,
    "노미네이트": 2,
    "뉴질랜드": 2,
    "니삭스가": 2,
    "다다익선": 2,
    "다미아노 다비드": 2,
    "다미아니": 2,
    "다사다난": 2,
    "다이나믹": 2,
    "다이아몬드 화이트": 2,
    "다이앤 키튼": 2,
    "다이어리": 2,
    "대동소이": 2,
    "대영박물관": 2,
    "도나텔라 베르사체": 2,
    "돌체앤가바나의": 2,
    "드라큘라": 2,
    "드류 베리": 2,
    "디스퀘어드": 2,
    "디스플레이": 2,
    "라스베가스": 2,
    "라운드넥": 2,
    "라이언 고슬링": 2,
    "라이징 스타": 2,
    "라즈베리": 2,
    "라코스테": 2,
    "라프 시몬스": 2,
    "래드클리프": 2,
    "랜드마크": 2,
    "러브노트": 2,
    "러치포드": 2,
    "레디투웨어": 2,
    "레즈비언": 2,
    "레티지아": 2,
    "레플리카": 2,
    "로맨스가 필요해 2012": 2,
    "로버트 에거스": 2,
    "루피타 뇽오": 2,
    "르네상스": 2,
    "리노세오스": 2,
    "리버서블": 2,
    "리우데자네이루": 2,
    "리즈 위더스푼": 2,
    "리플렉션": 2,
    "마리나 아브라모비치": 2,
    "마리아 칼라스": 2,
    "막스마라": 2,
    "매니시함": 2,
    "맥시멀하": 2,
    "머스타드": 2,
    "머스터드": 2,
    "메르베유스": 2,
    "메리케이트": 2,
    "메이블린": 2,
    "메탈릭한": 2,
    "메트로폴리탄": 2,
    "모노크롬": 2,
    "모더니즘": 2,
    "모랄리오": 2,
    "모랄리오글루": 2,
    "모터사이클": 2,
    "모하메드": 2,
    "몬스타엑스": 2,
    "무당벌레": 2,
    "무스가드": 2,
    "무스크통": 2,
    "미니멀리즘과": 2,
    "미니멀리즘이": 2,
    "미즈하라 키코": 2,
    "바라클라": 2,
    "바이올렛": 2,
    "바잘리아": 2,
    "방돔 광장": 2,
    "방아타령": 2,
    "방탄소년단": 2,
    "배드민턴": 2,
    "뱅앤 올룹슨": 2,
    "버라이어티": 2,
    "버지니아": 2,
    "버킷햇은": 2,
    "베로니카": 2,
    "베이비돌": 2,
    "벨에포크": 2,
    "벨티드백": 2,
    "보금자리": 2,
    "본지오비": 2,
    "부산국제영화제": 2,
    "뷰파인더": 2,
    "브라이드": 2,
    "브라이언": 2,
    "브러시드": 2,
    "브레스티드": 2,
    "브레이슬릿을": 2,
    "브레이크": 2,
    "블랙 미디": 2,
    "비스포크": 2,
    "비지니스": 2,
    "비하인드 컷": 2,
    "빵과 장미": 2,
    "사이언스": 2,
    "사이코패스": 2,
    "사정거리": 2,
    "사진 속 그녀": 2,
    "산타클로스": 2,
    "살바토레": 2,
    "삼삼오오": 2,
    "새티스파이": 2,
    "샌디리앙": 2,
    "샬라메와": 2,
    "서울재즈페스티벌": 2,
    "세바스티안": 2,
    "세트리스트": 2,
    "셀린느의": 2,
    "소시오패스": 2,
    "소용돌이": 2,
    "소트와르": 2,
    "소피아 부텔라": 2,
    "솔리테이어": 2,
    "수공예품": 2,
    "슈퍼스타": 2,
    "스노부츠": 2,
    "스와이프": 2,
    "스웨셔츠": 2,
    "스웨이트": 2,
    "스웨트팬츠": 2,
    "스웻셔츠나": 2,
    "스위트 홈": 2,
    "스윔수트": 2,
    "스윔슈트": 2,
    "스칸디나비아": 2,
    "스케이트보드": 2,
    "스케치북": 2,
    "스크런치": 2,
    "스크립트": 2,
    "스킴스의": 2,
    "스타워즈": 2,
    "스타일러": 2,
    "스타일리쉬": 2,
    "스테레오": 2,
    "스텔레토": 2,
    "스텔리토": 2,
    "스파게티": 2,
    "스프레이": 2,
    "슬랙스나": 2,
    "슬랙스와": 2,
    "슬리브리": 2,
    "슬리브와": 2,
    "시행착오": 2,
    "신세계백화점": 2,
    "실리카겔은": 2,
    "아드리아나 리마": 2,
    "아뜰리에": 2,
    "아르데코": 2,
    "아만다 홀든": 2,
    "아메리카나": 2,
    "아멜리에": 2,
    "아미 송": 2,
    "아바바브": 2,
    "아부다비": 2,
    "아우터로": 2,
    "아우트라인": 2,
    "아웃핏을": 2,
    "아이리스": 2,
    "아코디언": 2,
    "아트워크": 2,
    "아틀라스": 2,
    "안디아모": 2,
    "알래스카": 2,
    "앙드레김": 2,
    "앰피시어트": 2,
    "어니스트 섀클턴": 2,
    "언스토퍼블": 2,
    "업데이트": 2,
    "에드거 존스": 2,
    "에드워드 섹스턴": 2,
    "에비에이터": 2,
    "에슬레져": 2,
    "에티튜드": 2,
    "엘 패닝": 2,
    "엠마 스톤": 2,
    "오너먼트": 2,
    "오르벨라": 2,
    "오르테가": 2,
    "오프듀티": 2,
    "올리브색": 2,
    "올림픽공원": 2,
    "올모스트 페이머스": 2,
    "완전무결": 2,
    "우드스탁": 2,
    "우리나라": 2,
    "우선순위": 2,
    "우스갯소리": 2,
    "움브리아주": 2,
    "원더랜드": 2,
    "웨딩드레스": 2,
    "윅스테드": 2,
    "윌로우 스미스": 2,
    "유니섹스": 2,
    "유틸리티": 2,
    "이스뚜아": 2,
    "이퀘스트리언": 2,
    "이탈리안": 2,
    "인사이더": 2,
    "인어공주": 2,
    "인터내셔널": 2,
    "인터로킹": 2,
    "인터스텔라": 2,
    "일거수일투족": 2,
    "일러스트레이터": 2,
    "입 생로랑": 2,
    "장 폴 고티에": 2,
    "쟈딕앤볼테르": 2,
    "저널리스트": 2,
    "저스틴 허위츠": 2,
    "저커버그": 2,
    "전성시대": 2,
    "점심시간": 2,
    "점프수트": 2,
    "정사각형": 2,
    "제시카 알바": 2,
    "제이디드": 2,
    "젠테스토": 2,
    "젠테스토어": 2,
    "조지 발란신": 2,
    "종이접기": 2,
    "종횡무진": 2,
    "중간중간": 2,
    "지미 팰런": 2,
    "지젤 번천": 2,
    "진두지휘": 2,
    "질풍노도": 2,
    "차보라이트": 2,
    "차이콥스키": 2,
    "천생연분": 2,
    "체커보드": 2,
    "초등학생": 2,
    "카멀라 해리스": 2,
    "카우보이모자": 2,
    "카프스킨": 2,
    "캐츠 아이": 2,
    "커스터마": 2,
    "커스터마이징": 2,
    "컨템포러리": 2,
    "컨트리 음악": 2,
    "코랄리앙": 2,
    "코스타디노브": 2,
    "콘서트홀": 2,
    "콜렉티브": 2,
    "콜로라도주": 2,
    "퀘스천마크": 2,
    "크레이프": 2,
    "크리세이스": 2,
    "크리스찬 디올": 2,
    "크리스토": 2,
    "크리에이트": 2,
    "크리틱스": 2,
    "클라우드": 2,
    "클라이막스": 2,
    "클리터링": 2,
    "타임캡슐": 2,
    "트래블러": 2,
    "트레이너": 2,
    "트리사라": 2,
    "팀버랜드": 2,
    "파라이바": 2,
    "파르투슈": 2,
    "파빌리온": 2,
    "파운데이션": 2,
    "파워숄더": 2,
    "파이어럿": 2,
    "팔방미인": 2,
    "패셔너블한": 2,
    "팬츠리스": 2,
    "펌프스와": 2,
    "페라그니": 2,
    "페르난다": 2,
    "페미닌함": 2,
    "페이퍼백": 2,
    "포트폴리오": 2,
    "폴란스키": 2,
    "퓨처리스틱": 2,
    "프라이드": 2,
    "프라이빗": 2,
    "프란체스카": 2,
    "프란체스코": 2,
    "프랑스어": 2,
    "프레슬리": 2,
    "프레피룩": 2,
    "프리 폴": 2,
    "플레이트": 2,
    "플립플롭": 2,
    "피나미널": 2,
    "피냐텔리": 2,
    "피에르 발망": 2,
    "필로소피": 2,
    "하드웨어": 2,
    "하이브리드": 2,
    "하프타임": 2,
    "해리포터": 2,
    "헤드피스": 2,
    "헬레나 크리스텐센": 2,
    "흑과 백": 2,
    "히스토리": 2,
    ".규리킴": 1,
    "LG아트센터": 1,
    "SBS 가요 대전": 1,
    "Z세대워너비": 1,
    "가라오케": 1,
    "가르손느": 1,
    "가방덥수": 1,
    "가버너스": 1,
    "가브리엘 포레": 1,
    "가위바위보": 1,
    "가장자리": 1,
    "강조한페플럼": 1,
    "개구쟁이": 1,
    "갤러리아백화점": 1,
    "걸리시룩": 1,
    "걸크러쉬": 1,
    "걸크러시": 1,
    "게임 오버": 1,
    "겨드랑이": 1,
    "경리단길": 1,
    "계춘할망": 1,
    "고정관념": 1,
    "고척스카이돔": 1,
    "곤자가 대학교": 1,
    "곱슬머리": 1,
    "공공장소": 1,
    "공기놀이": 1,
    "공중부양": 1,
    "공중정원": 1,
    "과유불급": 1,
    "구르메트": 1,
    "구슬치기": 1,
    "구찌오 구찌": 1,
    "귀염뽀짝": 1,
    "규리킴을": 1,
    "그대 안의 블루": 1,
    "그라데이": 1,
    "그라데이션이": 1,
    "그라운드": 1,
    "그라파이트": 1,
    "그랑팔레": 1,
    "그래니코어": 1,
    "그레이스": 1,
    "그레이트": 1,
    "그레타 리": 1,
    "그로테스크": 1,
    "그르노블": 1,
    "그리너리": 1,
    "그리니쉬": 1,
    "그리스어": 1,
    "그좁스키": 1,
    "극사실주의": 1,
    "근린공원": 1,
    "글래머러스한": 1,
    "글래머러스함": 1,
    "글래머러스함에": 1,
    "글래머스": 1,
    "글램 록": 1,
    "글레디에이터": 1,
    "글루르지제": 1,
    "금메달리스트": 1,
    "기립박수": 1,
    "기마구아스": 1,
    "기본템으": 1,
    "기자회션": 1,
    "기진맥진": 1,
    "길모어 걸스": 1,
    "김건재드러머": 1,
    "김조광수": 1,
    "김치헌저": 1,
    "김한주실리카겔일": 1,
    "까까머리": 1,
    "꼼데가르송에서": 1,
    "꽃 피면 달 생각하고": 1,
    "꾸레주풍의": 1,
    "꾸안꾸가": 1,
    "끼루루루": 1,
    "나르시소": 1,
    "나르시시스틱": 1,
    "나뭇가지": 1,
    "나스티야": 1,
    "나이지리아": 1,
    "나인: 아홉 번의 시간여행": 1,
    "나카가와": 1,
    "나탈리아 보디아노바": 1,
    "나폴레옹": 1,
    "남녀노소": 1,
    "남자라면": 1,
    "남자친구": 1,
    "냉정과 열정 사이": 1,
    "네이키드": 1,
    "네크라인": 1,
    "네크리스가": 1,
    "네클리스": 1,
    "네트리스": 1,
    "네트워크": 1,
    "노디저희": 1,
    "노멀 피플": 1,
    "노스페이스": 1,
    "뉴트럴톤": 1,
    "니삭스나": 1,
    "니삭스를": 1,
    "니삭스와": 1,
    "니콜 리치": 1,
    "니콜 키드만": 1,
    "다리우스": 1,
    "다만 악에서 구하소서": 1,
    "다무플라주": 1,
    "다운재킷": 1,
    "다이나미즘은": 1,
    "다코타 패닝": 1,
    "다크 블루": 1,
    "다크호스": 1,
    "단골손님": 1,
    "당나귀 가죽": 1,
    "당연지사": 1,
    "대동단결": 1,
    "대란템으": 1,
    "대상그룹": 1,
    "대설주의보": 1,
    "대영도서관": 1,
    "댄스 팝": 1,
    "더 글로리": 1,
    "더 크루": 1,
    "더 투나잇 쇼": 1,
    "더레퍼런스": 1,
    "더로우의": 1,
    "더뮤지엄비지터": 1,
    "데구루루": 1,
    "데넌트와": 1,
    "데만토이드": 1,
    "데번 윈저": 1,
    "데본 아오키": 1,
    "데스티니 차일드": 1,
    "데이 앤 나잇": 1,
    "데이비드 보위": 1,
    "데이비스": 1,
    "데이식스": 1,
    "데이웨어": 1,
    "데카당스": 1,
    "데코레이션을": 1,
    "델레간차": 1,
    "델레트레즈": 1,
    "델마와 루이스": 1,
    "뎀나 바잘리아": 1,
    "도디 알파예드": 1,
    "도라에몽": 1,
    "도리언 그레이의 초상": 1,
    "도미닉 쿠퍼": 1,
    "도원결의": 1,
    "도젠 크로스": 1,
    "도플갱어": 1,
    "돌로레스": 1,
    "돌연변이": 1,
    "돌체가바나": 1,
    "동그라미": 1,
    "동백꽃 필 무렵": 1,
    "동서고금": 1,
    "두 번의 결혼식과 한 번의 장례식": 1,
    "두문불출": 1,
    "뒷주머니": 1,
    "듀오미터": 1,
    "드레시한": 1,
    "드레이핑과": 1,
    "드레이핑한": 1,
    "드로우스트": 1,
    "드림랜드": 1,
    "드뮤어냐": 1,
    "드뮤어룩": 1,
    "드뮤어하게": 1,
    "드브로워": 1,
    "드웨인 존슨": 1,
    "디 아이돌": 1,
    "디렉팅이": 1,
    "디미트루": 1,
    "디스코그래피": 1,
    "디스토피아": 1,
    "디아길레프": 1,
    "디아길레프의": 1,
    "디어 마이 프렌즈": 1,
    "디자이너인애쉴리": 1,
    "디자인과": 1,
    "디제잉을": 1,
    "디테일이": 1,
    "디토로이트": 1,
    "디헤이지": 1,
    "딱정벌레": 1,
    "딱정벌레루칸느": 1,
    "딱지치기": 1,
    "라디오헤드": 1,
    "라라랜드": 1,
    "라미 말렉": 1,
    "라미네이트": 1,
    "라스베이거스": 1,
    "라스트 나잇": 1,
    "라이브즈": 1,
    "라이징의": 1,
    "라인 오브 뷰티": 1,
    "라일리 키오": 1,
    "라임라이트": 1,
    "러더포드": 1,
    "러버보이": 1,
    "러버솔이": 1,
    "러브레터": 1,
    "러블리한": 1,
    "러블리함": 1,
    "럭키비키": 1,
    "레그워머를": 1,
    "레드 제플린": 1,
    "레벤느망": 1,
    "레오나르도": 1,
    "레오나르도 디카프리오": 1,
    "레오타드": 1,
    "레오퍼드도": 1,
    "레오퍼드와": 1,
    "레이베이": 1,
    "레이아웃": 1,
    "레이어드된": 1,
    "레이어드로": 1,
    "레이어링해도": 1,
    "레조낭스": 1,
    "레터링과": 1,
    "레퍼런스가": 1,
    "레퍼런스를": 1,
    "로드리게스": 1,
    "로드리게즈": 1,
    "로드스터": 1,
    "로라 해리어": 1,
    "로런 버콜": 1,
    "로렌 허튼": 1,
    "로맨틱 홀리데이": 1,
    "로베르토": 1,
    "로베르토 카발리": 1,
    "로살리아와": 1,
    "로얄 테넌바움": 1,
    "로열패밀리": 1,
    "로우폴리곤": 1,
    "로케이션": 1,
    "로테이트": 1,
    "롤라팔루자": 1,
    "롤업해서": 1,
    "롭 카다시안": 1,
    "롯데월드": 1,
    "롱부츠로": 1,
    "롱부츠에": 1,
    "롱슬리브": 1,
    "롱슬리브를": 1,
    "루니 마라": 1,
    "루마니아": 1,
    "루부탱은": 1,
    "루부탱이": 1,
    "루이지애나": 1,
    "룩이라도": 1,
    "르누아르": 1,
    "르브론 제임스": 1,
    "리모델링": 1,
    "리미티드": 1,
    "리바운드": 1,
    "리바이벌": 1,
    "리바이스": 1,
    "리버시블": 1,
    "리베르소": 1,
    "리사여서": 1,
    "리스펙트": 1,
    "리암 갤러거": 1,
    "리얼리즘": 1,
    "리얼웨이": 1,
    "리와인드": 1,
    "리즈시절": 1,
    "리치몬트": 1,
    "리치의에포리스": 1,
    "리프레시되": 1,
    "릴랙스드": 1,
    "릴레이션쉽": 1,
    "립글로스": 1,
    "립글로즈": 1,
    "마그네슘": 1,
    "마디마디": 1,
    "마르그리트": 1,
    "마르디히말": 1,
    "마르키즈": 1,
    "마를레네 디트리히": 1,
    "마사유키": 1,
    "마이너스": 1,
    "마이크 아미리": 1,
    "마이해피하츠": 1,
    "마인드맵": 1,
    "마터니티": 1,
    "막내아들": 1,
    "말괄량이": 1,
    "매그니피센트": 1,
    "매니시룩": 1,
    "매니시을": 1,
    "매니시하고": 1,
    "매니시한": 1,
    "매드 맥스": 1,
    "매들레인 페치": 1,
    "매스미디어": 1,
    "매즈 미켈슨": 1,
    "맥도날드": 1,
    "맥시 롱": 1,
    "맥시멀리즘": 1,
    "맥시멀리즘까지": 1,
    "맥시멀리즘이": 1,
    "맥카트니는": 1,
    "맨즈웨어": 1,
    "머천다이즈": 1,
    "멀티셰이프": 1,
    "멋드러지": 1,
    "멋드러진": 1,
    "메달리스트": 1,
    "메소아메리카": 1,
    "메이페어": 1,
    "멜라니 로랑": 1,
    "멜트미러": 1,
    "모네스티에": 1,
    "모래주머니": 1,
    "모스지미": 1,
    "모스키노": 1,
    "모스키노만의": 1,
    "모시페그": 1,
    "모자이크": 1,
    "모전녀전": 1,
    "몬타나리": 1,
    "몽골리안": 1,
    "몽마르뜨": 1,
    "몽마르트르": 1,
    "무드까지": 1,
    "무라가미": 1,
    "무브컨트": 1,
    "문화생활": 1,
    "물리학자": 1,
    "뮈글러의": 1,
    "뮤자게트": 1,
    "므두셀라": 1,
    "미네르바": 1,
    "미니멀리즘부터": 1,
    "미니멀리즘은": 1,
    "미드나잇": 1,
    "미드나잇 인 파리": 1,
    "미란다 커": 1,
    "미스테리": 1,
    "미스테리유즈": 1,
    "미쓰비시": 1,
    "미야오의": 1,
    "미정으로셀린느": 1,
    "미즈라히": 1,
    "미키마우스": 1,
    "민속학자": 1,
    "밀라 요보비치": 1,
    "밀라니즈": 1,
    "밀레니얼": 1,
    "밀레피드": 1,
    "밀리 브래디": 1,
    "밀리터리도": 1,
    "바네사 파라디": 1,
    "바누엘로스": 1,
    "바라클라바와": 1,
    "바르셀로나": 1,
    "바리아시옹": 1,
    "바뷰슈카": 1,
    "바쉐론 콘스탄틴": 1,
    "바츨라프 니진스키": 1,
    "바텐딩을": 1,
    "바티스타": 1,
    "박테리아": 1,
    "반나영스테인": 1,
    "반달리즘": 1,
    "발그스레": 1,
    "발렌시아": 1,
    "배리 린든": 1,
    "배리 키오건": 1,
    "배우리사": 1,
    "백과슈즈": 1,
    "백예린하하": 1,
    "밸런타인": 1,
    "뱀파이어 아카데미": 1,
    "뱀피무늬": 1,
    "뱃걸리리": 1,
    "버뮤다쇼츠": 1,
    "버뮤다팬츠": 1,
    "버질 아블로": 1,
    "버터플라이": 1,
    "번거로움": 1,
    "베르베르": 1,
    "베른하르트": 1,
    "베리에이션": 1,
    "베이루트": 1,
    "베이지색": 1,
    "베트멍은": 1,
    "벤추리니": 1,
    "벨라 손": 1,
    "벨트라미": 1,
    "보로베바": 1,
    "보르고뇨나": 1,
    "보부상러": 1,
    "보호시크": 1,
    "복숭아뼈": 1,
    "본 조비": 1,
    "부루탈리즘": 1,
    "부트림의": 1,
    "북아프리카": 1,
    "불가리아": 1,
    "불가사리": 1,
    "불한당: 나쁜 놈들의 세상": 1,
    "뷔스티에과": 1,
    "뷰티풀 크리처스": 1,
    "브라렛과": 1,
    "브라리스": 1,
    "브라캡과": 1,
    "브라탑과": 1,
    "브래들리": 1,
    "브래지어": 1,
    "브레이슬렛": 1,
    "브레이슬릿소설": 1,
    "브레이슬릿에": 1,
    "브레이슬릿으로": 1,
    "브레이슬릿이": 1,
    "브레이슬릿콜럼버스": 1,
    "브로니슬라바 니진스카": 1,
    "브로우와": 1,
    "브로케이드": 1,
    "브롱크스": 1,
    "브루노 마스": 1,
    "브루이사": 1,
    "브루탈리즘": 1,
    "브리저튼": 1,
    "브리티시": 1,
    "브릿 로어": 1,
    "브이넥과": 1,
    "브이넥을": 1,
    "블라지가": 1,
    "블라지는": 1,
    "블랙 트리오": 1,
    "블랙수트와레더": 1,
    "블럿스테인": 1,
    "블록버스터": 1,
    "블루 다이아몬드": 1,
    "블루 벨벳": 1,
    "블루머즈": 1,
    "비디오테이프": 1,
    "비르지니": 1,
    "비비디 바비디 부": 1,
    "비앙카가": 1,
    "비즈니스맨": 1,
    "비토리아": 1,
    "비행접시": 1,
    "빈센트 반 고흐": 1,
    "빌리 아일리시": 1,
    "빌리네어": 1,
    "뽀글이와": 1,
    "사고방식": 1,
    "사랑의 불시착": 1,
    "사르토리": 1,
    "사실주의": 1,
    "사우디아라비아": 1,
    "사우스햄튼": 1,
    "사운드트랙": 1,
    "사이보그": 1,
    "사이클링": 1,
    "사카구치": 1,
    "사카모토 류이치": 1,
    "산들바람": 1,
    "산스크리트어": 1,
    "산타마리아": 1,
    "살바도르": 1,
    "상속자들": 1,
    "새들러스": 1,
    "새빌로에서": 1,
    "새해맞이": 1,
    "샛노랑으": 1,
    "생로랑의": 1,
    "샤뚜와양트": 1,
    "샤를 페로": 1,
    "샤리에르": 1,
    "샤이아 라보프": 1,
    "샬랴메와": 1,
    "샬롯 램플링": 1,
    "서브젝트": 1,
    "서브컬처": 1,
    "서스펜더와": 1,
    "서울콜라보레이션": 1,
    "서커스단": 1,
    "선버스트와": 1,
    "선브러시드": 1,
    "설치미술": 1,
    "성냥개비": 1,
    "세두토리": 1,
    "세레나데": 1,
    "세레머니": 1,
    "세르게이": 1,
    "세메터리": 1,
    "세이브 더 라스트 댄스": 1,
    "섹스 앤 더 시티": 1,
    "센세이셔널": 1,
    "센세이션": 1,
    "센시티브": 1,
    "센트럴시티": 1,
    "셀러리아": 1,
    "셀러브리": 1,
    "셀러브리티와": 1,
    "셀럽들도": 1,
    "셀럽이어": 1,
    "셀레브리티가": 1,
    "셀렉션이": 1,
    "셀린느가": 1,
    "셀린느는": 1,
    "셀린느와": 1,
    "셀마 블레어": 1,
    "션 베이커": 1,
    "셰익스피어": 1,
    "소강상태": 1,
    "소꿉친구": 1,
    "소피스티케이션의": 1,
    "소피아 코폴라": 1,
    "손목시계": 1,
    "솔드 아웃": 1,
    "송재우마레": 1,
    "송재우송지오의": 1,
    "송지오를": 1,
    "송지오의": 1,
    "쇼미더머니": 1,
    "쇼츠부터": 1,
    "쇼케이스": 1,
    "쇼트커트": 1,
    "쇼핑센터": 1,
    "수브니어": 1,
    "수수께끼": 1,
    "수양대군": 1,
    "수트보다": 1,
    "수트에도": 1,
    "순간순간": 1,
    "숨바꼭질": 1,
    "쉐르보티나": 1,
    "슈슈통의": 1,
    "슈타이너": 1,
    "슈퍼 플라이": 1,
    "스눕 독": 1,
    "스미소니언": 1,
    "스비리도프스카야는": 1,
    "스웻셔츠와": 1,
    "스웻셔츠와도": 1,
    "스웻팬츠": 1,
    "스위프트": 1,
    "스카라비": 1,
    "스카이라인": 1,
    "스케이팅": 1,
    "스켈레톤": 1,
    "스크램블": 1,
    "스크런치로": 1,
    "스키니진에": 1,
    "스키아퍼렐리의": 1,
    "스키아피렐리": 1,
    "스킨케어": 1,
    "스킴스도": 1,
    "스타디움": 1,
    "스태디움": 1,
    "스테디셀러": 1,
    "스테디움": 1,
    "스테이크": 1,
    "스테이트먼트": 1,
    "스테인드글라스": 1,
    "스테파노": 1,
    "스토리텔러": 1,
    "스톤 아일랜드": 1,
    "스톤워시": 1,
    "스톨러와": 1,
    "스트랩으": 1,
    "스트랩은": 1,
    "스트랩의": 1,
    "스트랩의코드": 1,
    "스트랩이": 1,
    "스트레치": 1,
    "스트릿한": 1,
    "스트링백": 1,
    "스티븐슨": 1,
    "스틸레토가": 1,
    "스틸레토냐": 1,
    "스틸레토힐": 1,
    "스파치오": 1,
    "스판덱스": 1,
    "스팽글과": 1,
    "스페사르타이트": 1,
    "스페인어": 1,
    "스포츠카": 1,
    "스포티즘": 1,
    "스포티파이": 1,
    "스포티하": 1,
    "슬랙스로": 1,
    "슬렉스로": 1,
    "슬렌더맨": 1,
    "슬리브리스톱": 1,
    "슬리즈아웃핏을": 1,
    "슬리핑 뷰티": 1,
    "시기적절": 1,
    "시노그래퍼": 1,
    "시리우스": 1,
    "시리즈물": 1,
    "시미헤이즈의": 1,
    "시스루나": 1,
    "시아르가오": 1,
    "시얼샤 로넌": 1,
    "시장바구니": 1,
    "시칠리아": 1,
    "시크함과": 1,
    "시크함이": 1,
    "시크해보": 1,
    "시트린과": 1,
    "신데렐라": 1,
    "신드레브": 1,
    "신스틸러": 1,
    "신혼부부": 1,
    "실리카겔이": 1,
    "실버라이닝 플레이북": 1,
    "싱글 인 서울": 1,
    "쓰레기통": 1,
    "쓰리, 몬스터": 1,
    "쓰리피스": 1,
    "아그네스": 1,
    "아날로그": 1,
    "아노락이": 1,
    "아니 에르노": 1,
    "아다놀라": 1,
    "아다다스": 1,
    "아담 샌들러": 1,
    "아데노라": 1,
    "아드리아": 1,
    "아랫부분": 1,
    "아마란스": 1,
    "아마추어": 1,
    "아메리카노": 1,
    "아메리칸 호러 스토리": 1,
    "아모르피스": 1,
    "아미노산": 1,
    "아방가드르": 1,
    "아방가르": 1,
    "아세테이트": 1,
    "아셀리아": 1,
    "아스뚜아": 1,
    "아요 어데버리": 1,
    "아우터가": 1,
    "아우터에": 1,
    "아우터웨어에": 1,
    "아웃핏과": 1,
    "아웃핏으": 1,
    "아웃핏의": 1,
    "아이라이너": 1,
    "아이브가": 1,
    "아이브의": 1,
    "아이스라테": 1,
    "아이언맨": 1,
    "아이코닉하": 1,
    "아이패드": 1,
    "아인슈타인": 1,
    "아제딘 알라이아": 1,
    "아카데미상": 1,
    "아카이빙": 1,
    "아코이아": 1,
    "아크리스": 1,
    "아프리카": 1,
    "악세사리": 1,
    "악세서리": 1,
    "악세서리와": 1,
    "악세서리와도": 1,
    "안나 델로 루소": 1,
    "안나 윈투어": 1,
    "안나수이와": 1,
    "안녕하세요": 1,
    "안드레 리언 탤리": 1,
    "안드레아스": 1,
    "안이호네": 1,
    "안테프리마": 1,
    "안토니오": 1,
    "안티에이징": 1,
    "알고리즘": 1,
    "알레산드라": 1,
    "알렉산드르": 1,
    "알짜배기": 1,
    "암브로시오": 1,
    "암스테르담": 1,
    "앙리 로랑스": 1,
    "애머시스트": 1,
    "애미시스트": 1,
    "애슐리 로버츠": 1,
    "애슬레틱": 1,
    "애트튜드": 1,
    "애틀란타": 1,
    "애티듀드": 1,
    "액서서리": 1,
    "앤드루 위긴스": 1,
    "앤어애쉬": 1,
    "앨게리이터": 1,
    "앰배서더로": 1,
    "앰배서더와": 1,
    "앰배서더이자": 1,
    "앰버서더도": 1,
    "앰버서더로": 1,
    "앰버서더로서": 1,
    "앰버서더제": 1,
    "앰비언트": 1,
    "앰피시어트로프": 1,
    "야스민 르 봉": 1,
    "어둠 속의 댄서": 1,
    "어른아이": 1,
    "어마무시": 1,
    "어버이날": 1,
    "어벤저스": 1,
    "어벤추린": 1,
    "어우려져": 1,
    "어웨이큰": 1,
    "어처구니": 1,
    "어학연수": 1,
    "언더그라운드": 1,
    "언더마이카": 1,
    "언타이틀": 1,
    "얼터너티브": 1,
    "업타운 걸": 1,
    "에드 웨스트윅": 1,
    "에드워드": 1,
    "에디토리얼": 1,
    "에디티드": 1,
    "에로티시즘": 1,
    "에리크 바이": 1,
    "에릭 클랩튼": 1,
    "에마뉘엘": 1,
    "에모지오니": 1,
    "에밀리, 파리에 가다": 1,
    "에밀리아": 1,
    "에바 헤르지고바": 1,
    "에베레치 에제": 1,
    "에볼루션": 1,
    "에브리데이": 1,
    "에스에스": 1,
    "에스컬레이터": 1,
    "에스파드류": 1,
    "에스프레소": 1,
    "에이사 곤잘레스": 1,
    "에이아이": 1,
    "에이전시": 1,
    "에이전트": 1,
    "에이프런": 1,
    "에코백이": 1,
    "에퀘스트르": 1,
    "엔지니어": 1,
    "엔지니어링": 1,
    "엘라스틴": 1,
    "엘레강트": 1,
    "엘리 뱀버": 1,
    "엘리게이터": 1,
    "엘리아스": 1,
    "엠버서더로": 1,
    "엠파이어": 1,
    "엠포리오": 1,
    "엠프링엄": 1,
    "여배우들": 1,
    "영문학사": 1,
    "영앤리치": 1,
    "영원불멸": 1,
    "오나시스": 1,
    "오너먼트를": 1,
    "오니츠카타이거의": 1,
    "오디세이": 1,
    "오리너구리": 1,
    "오스카르 니에메예르": 1,
    "오스트리아": 1,
    "오시에츠키": 1,
    "오아시스": 1,
    "오츠니카타이": 1,
    "오토매틱": 1,
    "오페라단": 1,
    "오프데이": 1,
    "오프숄더룩": 1,
    "오피니언": 1,
    "오필리아": 1,
    "올드 스쿨": 1,
    "올라운더": 1,
    "올리브 그레이": 1,
    "올리비아 와일드": 1,
    "올리비에": 1,
    "올림피아": 1,
    "와일드 번치": 1,
    "외인구단": 1,
    "요제프 필라테스": 1,
    "우두머리": 1,
    "우먼 인 할리우드": 1,
    "욱여넣기": 1,
    "움베르토": 1,
    "웃음소리": 1,
    "워치스앤원더스": 1,
    "워커홀릭": 1,
    "원단과웨": 1,
    "원스 어폰 어 타임": 1,
    "월드 뮤직": 1,
    "웨스 앤더슨": 1,
    "웨이비니스": 1,
    "웨이스트로": 1,
    "웨이스트의": 1,
    "웨트헤어": 1,
    "웬즈데이": 1,
    "웹사이트": 1,
    "위노나 라이더": 1,
    "위키피디아": 1,
    "위풍당당": 1,
    "윈도우즈": 1,
    "윈드치터": 1,
    "윌렘 대포": 1,
    "유네스코": 1,
    "유러피언": 1,
    "유유자적": 1,
    "율리어스": 1,
    "은하철도 999": 1,
    "응답하라": 1,
    "의기투합": 1,
    "이그조틱": 1,
    "이냉치냉": 1,
    "이너웨어로": 1,
    "이래포멜라": 1,
    "이번 생도 잘 부탁해": 1,
    "이브라힘": 1,
    "이스라엘": 1,
    "이어머프를": 1,
    "이지 리스닝": 1,
    "이코니카": 1,
    "이터넬레": 1,
    "익스클루시브": 1,
    "익스클루시브로": 1,
    "인게이지먼트": 1,
    "인공위성": 1,
    "인공지능": 1,
    "인본주의": 1,
    "인비테이션": 1,
    "인스타그래머블한": 1,
    "인스톨레이션": 1,
    "인스티튜트": 1,
    "인싸템으": 1,
    "인천공항": 1,
    "인티미시미": 1,
    "인플레이션": 1,
    "인플루어너": 1,
    "인플루언서인시미": 1,
    "일렉트로 스윙": 1,
    "일렉트로닉": 1,
    "일생일대": 1,
    "임페리얼": 1,
    "잉그리드 버그만": 1,
    "잉꼬부부": 1,
    "자기만족": 1,
    "자레드 레토": 1,
    "자이언트": 1,
    "자칭타칭": 1,
    "작가주의": 1,
    "작품플뢰르": 1,
    "장 미셸 바스키아": 1,
    "장난꾸러기": 1,
    "장영규저": 1,
    "장영규하하": 1,
    "재커리 퀸토": 1,
    "잭슨 폴록": 1,
    "저스틴 스카이": 1,
    "저승사자": 1,
    "저지먼트": 1,
    "전주국제영화제": 1,
    "전효정저희보다": 1,
    "젊은이들": 1,
    "제곱미터": 1,
    "제너레이션": 1,
    "제니퍼 코넬리": 1,
    "제로드 카마이클": 1,
    "제르비니": 1,
    "제스키에르": 1,
    "제시카 차스테인": 1,
    "제올로지": 1,
    "제이미 힌스": 1,
    "제이콥앤": 1,
    "젠데이아에게": 1,
    "젠데이아와": 1,
    "조거팬츠": 1,
    "조디 포스터": 1,
    "조르지아": 1,
    "조이 크래비츠": 1,
    "존 라이든": 1,
    "존 메이어": 1,
    "존 본 조비": 1,
    "존 트라볼타": 1,
    "종교의식": 1,
    "좌지우지": 1,
    "준야 와타나베": 1,
    "중샤오밍": 1,
    "중앙아시아": 1,
    "증조할머니": 1,
    "지미 키멀": 1,
    "지미 키멜": 1,
    "지아노와": 1,
    "진주조개": 1,
    "집단주의": 1,
    "쫀드기가": 1,
    "찌부짜부": 1,
    "차보라이트가": 1,
    "차이나타운": 1,
    "차이니즈 조디악": 1,
    "찰리 푸스": 1,
    "챌린저스": 1,
    "챔피언십": 1,
    "척 배스": 1,
    "천고마비": 1,
    "천방지축": 1,
    "천샤오가": 1,
    "천태만상": 1,
    "철두철미": 1,
    "청소년기": 1,
    "첼리스트": 1,
    "초다이아수저": 1,
    "최수인과": 1,
    "최수인김연재": 1,
    "최웅희실리카겔": 1,
    "추수감사절": 1,
    "추파춥스": 1,
    "충동구매": 1,
    "취안저우": 1,
    "치네치타": 1,
    "치마바지": 1,
    "치마바치": 1,
    "치맛자락": 1,
    "카네이션": 1,
    "카닐리언": 1,
    "카닐리언과": 1,
    "카라 델러빈": 1,
    "카마던셔": 1,
    "카밀라 모로네": 1,
    "카밀라가": 1,
    "카보숑은": 1,
    "카보숑을": 1,
    "카보숑이": 1,
    "카산드라": 1,
    "카스텔란": 1,
    "카우부츠": 1,
    "카카오톡": 1,
    "카타르시스": 1,
    "카탈로그": 1,
    "카페지오": 1,
    "카푸치노": 1,
    "카프리팬츠": 1,
    "칼세도니": 1,
    "캐나다 구스": 1,
    "캐리 멀리건": 1,
    "캐리비안": 1,
    "캐리커처": 1,
    "캘리그래피": 1,
    "캡사이신": 1,
    "캣츠 아이": 1,
    "커머번드": 1,
    "커머셜하게": 1,
    "커스틴 던스트": 1,
    "컨셉추얼한": 1,
    "컨텐더스": 1,
    "컬래버를": 1,
    "컴플렉스": 1,
    "컴피티션과": 1,
    "케이트 블란쳇": 1,
    "케이트 윈슬렛": 1,
    "케이트 허드슨": 1,
    "코넬리우스": 1,
    "코르뷔지에": 1,
    "코르사쥬": 1,
    "코르테즈": 1,
    "코발트 블루": 1,
    "코스메틱": 1,
    "코스메틱스": 1,
    "코스모스": 1,
    "코이세이오": 1,
    "코치토피아": 1,
    "코클란은": 1,
    "코트니 러브": 1,
    "코트니 카다시안": 1,
    "코티지코어": 1,
    "코플랴르": 1,
    "콘스탄티누": 1,
    "콘스탄틴": 1,
    "콜 파머": 1,
    "콜라보레이": 1,
    "콜라상트": 1,
    "콜로신스": 1,
    "콜린 파렐": 1,
    "콩코르소": 1,
    "쿠오이오": 1,
    "쿠치넬리": 1,
    "쿠튀르적": 1,
    "쿨 키즈": 1,
    "큐레이션으": 1,
    "큐레이팅": 1,
    "크레이지": 1,
    "크레파스": 1,
    "크로스바": 1,
    "크로스백": 1,
    "크로커다": 1,
    "크로커다일": 1,
    "크롬하츠의": 1,
    "크리스 레이": 1,
    "크리스텐슨": 1,
    "크리스텐슨이": 1,
    "크리스토퍼": 1,
    "크리스토퍼 이셔우드": 1,
    "크리스티": 1,
    "크리스티 털링턴": 1,
    "크세니아": 1,
    "크세니야": 1,
    "클라렌스": 1,
    "클라우드텍": 1,
    "클라우디아": 1,
    "클라이언트": 1,
    "클래시시즘은": 1,
    "클로에식": 1,
    "클로이와": 1,
    "클루리스": 1,
    "키키부터": 1,
    "키튼힐의": 1,
    "킬로미터": 1,
    "타미 힐피거": 1,
    "타이라 뱅크": 1,
    "타이라바": 1,
    "타이만스": 1,
    "타이만스의": 1,
    "타이외르": 1,
    "타이타닉": 1,
    "타이포그래피": 1,
    "타임라인": 1,
    "타임슬립": 1,
    "타카하시 카이토": 1,
    "타피스리": 1,
    "탑골공원": 1,
    "태비샵은": 1,
    "터닝포인트": 1,
    "털북숭이": 1,
    "테그리스": 1,
    "테넌바움": 1,
    "테니퍼드": 1,
    "테라코타": 1,
    "테러 라이브": 1,
    "테마파크": 1,
    "테이무어와": 1,
    "테이퍼드": 1,
    "테일러스": 1,
    "테크웨어": 1,
    "텍스쳐의": 1,
    "텔레스코프": 1,
    "텔레파시": 1,
    "토너먼트": 1,
    "토네이도": 1,
    "토요일 밤의 열기": 1,
    "톤앤무드": 1,
    "톰포드가": 1,
    "투머치해": 1,
    "투모로우": 1,
    "투모로우바이투게더의": 1,
    "투바투까지": 1,
    "트라우마": 1,
    "트라이앵글": 1,
    "트라파니": 1,
    "트라페제": 1,
    "트라페즈": 1,
    "트랙쇼츠": 1,
    "트러커햇": 1,
    "트레닝복": 1,
    "트레이시": 1,
    "트로피컬": 1,
    "트리밍으": 1,
    "트리뷰트": 1,
    "트리비아백": 1,
    "트리에스테": 1,
    "트위스터스": 1,
    "트위스트": 1,
    "트윌리와": 1,
    "티파니앤코": 1,
    "티파니에서 아침을": 1,
    "파리지앵": 1,
    "파리지엔": 1,
    "파벨라토": 1,
    "파블로 피카소": 1,
    "파블로바": 1,
    "파블로브": 1,
    "파블로브스키는": 1,
    "파우더리": 1,
    "파운드리": 1,
    "파이오니어": 1,
    "파코 라반": 1,
    "파텍 필립": 1,
    "파티웨어": 1,
    "판고필리아": 1,
    "팔레르모": 1,
    "팔리아노": 1,
    "팔미토일": 1,
    "패션모델": 1,
    "패션템으": 1,
    "패트리모니": 1,
    "팬데믹도": 1,
    "퍼아우터": 1,
    "퍼펙트 데이": 1,
    "퍼프 대디": 1,
    "퍼프소매": 1,
    "펌프스가": 1,
    "펌프스나": 1,
    "페가수스": 1,
    "페라리 812 슈퍼패스트": 1,
    "페레가모의": 1,
    "페레즈의": 1,
    "페리도트": 1,
    "페미닌한": 1,
    "페이스북": 1,
    "페이스트리": 1,
    "페티코트": 1,
    "펜트하우스": 1,
    "펠트로와": 1,
    "포로수용소": 1,
    "포멜라토는": 1,
    "포인트틑": 1,
    "포지셔닝": 1,
    "포카이카": 1,
    "포토닉스": 1,
    "포토이즘": 1,
    "폰 부스": 1,
    "폴 사이먼": 1,
    "폴리네시아": 1,
    "폴리에스터": 1,
    "폴리에스테르": 1,
    "폴리테루": 1,
    "푸츠타이": 1,
    "퓨리오사": 1,
    "프랑스군": 1,
    "프런트로": 1,
    "프로그래밍": 1,
    "프로덕션": 1,
    "프로듀스": 1,
    "프로디지": 1,
    "프로세스": 1,
    "프로텍션": 1,
    "프로토타입": 1,
    "프로포즈": 1,
    "프리랜서": 1,
    "프리미엄": 1,
    "프리베쇼": 1,
    "프리스타일": 1,
    "프리울리": 1,
    "플라밍고": 1,
    "플라운스와": 1,
    "플라이트": 1,
    "플래그십과": 1,
    "플래드는": 1,
    "플레이어": 1,
    "플레이오프": 1,
    "플로럴을": 1,
    "플로리다": 1,
    "플리마켓": 1,
    "플리스나": 1,
    "플리스를": 1,
    "플립플랍으로": 1,
    "플립플랍이": 1,
    "피냐텔리가": 1,
    "피라미드": 1,
    "피스타치오": 1,
    "피오레버": 1,
    "피츠버그": 1,
    "피터스버그": 1,
    "핀디코글루": 1,
    "핀스트라이프": 1,
    "필리그리": 1,
    "필릭스가": 1,
    "필립 플레인": 1,
    "필모그래피": 1,
    "핑크와 그레이": 1,
    "하드코어": 1,
    "하라주쿠": 1,
    "하루아침": 1,
    "하루하루": 1,
    "하워드 도이치": 1,
    "하이 라이즈": 1,
    "하이넥과": 1,
    "하이넥을": 1,
    "하이더 아커만": 1,
    "하이웨이": 1,
    "할리 퀸": 1,
    "합리주의": 1,
    "해도로퍼": 1,
    "해롤드와 모드": 1,
    "해리 스타일스": 1,
    "해외여행": 1,
    "해체주의": 1,
    "해피엔딩": 1,
    "핸드릭스": 1,
    "행방불명": 1,
    "헐리웃인싸": 1,
    "헤드기어": 1,
    "헤르미온느": 1,
    "헤어리한": 1,
    "헤어피스": 1,
    "헨리스피자": 1,
    "헬레나 크리스텐슨": 1,
    "현실주의": 1,
    "협녀, 칼의 기억": 1,
    "호루라기": 1,
    "호르헤 샌즈": 1,
    "호박벌보흐동": 1,
    "호아킨 피닉스": 1,
    "혹스워스와": 1,
    "혼연일체": 1,
    "홀스빗은": 1,
    "홈시어터": 1,
    "화용월태": 1,
    "환골탈태": 1,
    "환공포증": 1,
    "황금사자상": 1,
    "황태자비": 1,
    "횡단보도": 1,
    "효자템이": 1,
    "후드집업": 1,
    "후리스의": 1,
    "흐트러트려": 1,
    "흐트러트린": 1,
    "희로애락": 1,
    "희희낙락": 1,
    "히든카드": 1,
    "히르쿠스": 1,
    "히말라야": 1,
    "히비스커스": 1,
    "히히하하": 1,
    "힐러리 더프": 1,
    "힘쎈여자 강남순": 1
}